band,role,n,params,mean_dens4,median_dens4,sum_kl4,mean_kl4
early_0_7,full_attn_k,2,10485760,1.765612328025107,1.8039255690377203,0.01851378712471255,0.009256893562356275
early_0_7,full_attn_o,2,62914560,0.2777530863750658,0.2872111483827785,0.017474713217929254,0.008737356608964627
early_0_7,full_attn_q,2,125829120,0.18915547917383885,0.1914397605476224,0.023801267487622464,0.011900633743811232
early_0_7,full_attn_v,2,10485760,2.5624582706961667,2.710932001518545,0.02686932243653504,0.01343466121826752
early_0_7,gdn_in_a,6,1474560,28.809971968720834,29.36122276519573,0.04248203226619699,0.007080338711032832
early_0_7,gdn_in_b,6,1474560,28.428424648282732,28.140725826965856,0.04191941784937178,0.006986569641561964
early_0_7,gdn_in_qkv,6,314572800,0.17840772432907884,0.18429882692100744,0.05612221738382646,0.00935370289730441
early_0_7,gdn_in_z,6,188743680,0.28723462949158085,0.29667507237496565,0.05421372099367749,0.009035620165612915
early_0_7,gdn_out,6,188743680,0.3511625368876352,0.28645794984275647,0.06627970949030801,0.011046618248384668
early_0_7,mlp_down,8,713031680,0.08473657777031911,0.08020053168061807,0.060419864405021284,0.0075524830506276605
early_0_7,mlp_gate,8,713031680,0.08499786932512007,0.08971393685984548,0.06060617356131083,0.007575771695163854
early_0_7,mlp_up,8,713031680,0.08326692675008435,0.08090699933253157,0.05937195666904957,0.007421494583631196
earlymid_8_23,full_attn_k,4,20971520,1.441461273529773,1.4815924585031781,0.030229633927055105,0.007557408481763776
earlymid_8_23,full_attn_o,4,125829120,0.19347144697879293,0.2213548838421308,0.024344341918468168,0.006086085479617042
earlymid_8_23,full_attn_q,4,251658240,0.16603757340662323,0.17195089876564157,0.041784723497381604,0.010446180874345401
earlymid_8_23,full_attn_v,4,20971520,2.206305444580527,2.4349748471273145,0.04626957875712941,0.011567394689282353
earlymid_8_23,gdn_in_a,12,2949120,22.921496246952742,23.298445729673137,0.06759824301181326,0.005633186917651105
earlymid_8_23,gdn_in_b,12,2949120,23.715907592356142,24.361689802005564,0.06994105739876934,0.005828421449897445
earlymid_8_23,gdn_in_qkv,12,629145600,0.179672888313918,0.1868742053307087,0.11304040712199293,0.009420033926832744
earlymid_8_23,gdn_in_z,12,377487360,0.2501679924063633,0.2800427072104475,0.09443525500997811,0.007869604584164842
earlymid_8_23,gdn_out,12,377487360,0.21601132775690926,0.21742666615456974,0.0815415458450504,0.006795128820420867
earlymid_8_23,mlp_down,16,1426063360,0.06931047728379211,0.06897582450575773,0.09884113211852825,0.006177570757408016
earlymid_8_23,mlp_gate,16,1426063360,0.067035699786351,0.06838030038310769,0.09559715527727498,0.0059748222048296865
earlymid_8_23,mlp_up,16,1426063360,0.07187310519156606,0.07125090641868836,0.10249560188311813,0.006405975117694883
late_56_63,full_attn_k,2,10485760,0.062244942606091716,0.06704588244455631,0.0006526855293812522,0.0003263427646906261
late_56_63,full_attn_o,2,62914560,0.014058200822013568,0.0159740763906949,0.0008844655191086218,0.0004422327595543109
late_56_63,full_attn_q,2,125829120,0.00713330596912645,0.0074163844841498815,0.0008975776127859282,0.0004487888063929641
late_56_63,full_attn_v,2,10485760,0.08398900662847628,0.08660424346982398,0.0008806885661446114,0.0004403442830723057
late_56_63,gdn_in_a,6,1474560,0.8409740218745053,0.9001131519517965,0.0012400666536952704,0.0002066777756158784
late_56_63,gdn_in_b,6,1474560,0.8712989039676762,0.9287234198931836,0.0012847825118345764,0.00021413041863909606
late_56_63,gdn_in_qkv,6,314572800,0.009860639852322049,0.009763208206237604,0.0031018890881365333,0.0005169815146894222
late_56_63,gdn_in_z,6,188743680,0.012716255842791816,0.012982875153606546,0.0024001129235900285,0.00040001882059833806
late_56_63,gdn_out,6,188743680,0.014319472483220292,0.014559760428119262,0.002702709932141736,0.000450451655356956
late_56_63,mlp_down,8,713031680,0.00683255513460069,0.007937532338072028,0.004871828266316955,0.0006089785332896194
late_56_63,mlp_gate,8,713031680,0.007453868542387229,0.007454680768399216,0.005314844409277516,0.0006643555511596895
late_56_63,mlp_up,8,713031680,0.006975074765068911,0.00698974145074167,0.004973449277862691,0.0006216811597328363
latemid_48_55,full_attn_k,2,10485760,0.10313102729810333,0.13102558727050856,0.00108140720080136,0.00054070360040068
latemid_48_55,full_attn_o,2,62914560,0.02617652957991108,0.03536393481810102,0.0016468848408470905,0.0008234424204235452
latemid_48_55,full_attn_q,2,125829120,0.011893766999302072,0.015768416204122053,0.00149658223500722,0.00074829111750361
latemid_48_55,full_attn_v,2,10485760,0.16643548419641638,0.22884974545571898,0.0017452025427674152,0.0008726012713837076
latemid_48_55,gdn_in_a,6,1474560,1.737486879855114,1.8864327868728163,0.002562028653559157,0.00042700477559319284
latemid_48_55,gdn_in_b,6,1474560,1.7527383663854188,1.9200469998889762,0.002584517885537283,0.0004307529809228805
latemid_48_55,gdn_in_qkv,6,314572800,0.03215433782520711,0.04492529645143883,0.01011488008182131,0.0016858133469702184
latemid_48_55,gdn_in_z,6,188743680,0.029414197507454876,0.031850139171999726,0.0055517438818038604,0.0009252906469673101
latemid_48_55,gdn_out,6,188743680,0.037596533446483206,0.05043678411625703,0.007096108077932323,0.0011826846796553871
latemid_48_55,mlp_down,8,713031680,0.020728923113076128,0.02277905394307129,0.014780378871907501,0.0018475473589884377
latemid_48_55,mlp_gate,8,713031680,0.019378374686386007,0.018915094807490117,0.013817395058303285,0.0017271743822879107
latemid_48_55,mlp_up,8,713031680,0.019309800041015276,0.020020326334216427,0.013768499163709192,0.001721062395463649
mid_24_47,full_attn_k,6,31457280,0.5553977021758454,0.5984920701649586,0.017471301028702178,0.0029118835047836963
mid_24_47,full_attn_o,6,188743680,0.15812522224091569,0.20244033985082133,0.02984513634656827,0.004974189391094712
mid_24_47,full_attn_q,6,377487360,0.0753381283951631,0.09875780805351814,0.028439191195231153,0.0047398651992051925
mid_24_47,full_attn_v,6,31457280,1.0994642453444718,1.5096984381115275,0.034586154615789746,0.005764359102631625
mid_24_47,gdn_in_a,18,4423680,9.610833393298343,10.557679805911713,0.04251525146526601,0.0023619584147370008
mid_24_47,gdn_in_b,18,4423680,9.619617491420158,10.783280050201773,0.04255410950444552,0.0023641171946914177
mid_24_47,gdn_in_qkv,18,943718400,0.11267994187382217,0.1318603304489023,0.10633813445725646,0.005907674136514248
mid_24_47,gdn_in_z,18,566231040,0.1432842257398094,0.14279962716723496,0.08113197615624704,0.004507332008680391
mid_24_47,gdn_out,18,566231040,0.13374946733034884,0.14738287807566106,0.07573309998590944,0.004207394443661635
mid_24_47,mlp_down,24,2139095040,0.07108450199968681,0.07048267444275182,0.15205650564840015,0.006335687735350006
mid_24_47,mlp_gate,24,2139095040,0.07077702491525494,0.07069713614643987,0.15139878294217823,0.0063082826225907595
mid_24_47,mlp_up,24,2139095040,0.06895899430479692,0.07109477904446553,0.14750984268077935,0.006146243445032473
na,lm_head,1,1271398400,0.002162271442404441,0.002162271442404441,0.0027491084522386984,0.0027491084522386984
