rank_dens,rank_kl4,name,layer,role,band,params,kl4,kl5,kl8,dens4,margin_48,assigned_bits_optiq5
1,35,language_model.model.layers.1.linear_attn.in_proj_a,1,gdn_in_a,early_0_7,245760,0.009114527833342219,0.007670510665829808,0.0062358481483707736,37.08710869686776,0.0028786796849714453,8
2,66,language_model.model.layers.2.linear_attn.in_proj_b,2,gdn_in_b,early_0_7,245760,0.008095634745003017,0.008664174647845411,0.008125868861375849,32.94122210694587,-3.023411637283202e-05,4
3,100,language_model.model.layers.0.linear_attn.in_proj_a,0,gdn_in_a,early_0_7,245760,0.007337213854857984,0.00742835549893094,0.008490300418482399,29.855199604728128,-0.0011530865636244147,4
4,102,language_model.model.layers.14.linear_attn.in_proj_b,14,gdn_in_b,earlymid_8_23,245760,0.0073075199490169815,0.0058463366785601,0.006122417660011326,29.73437479254957,0.0011851022890056557,5
5,110,language_model.model.layers.2.linear_attn.in_proj_a,2,gdn_in_a,early_0_7,245760,0.0072158141067745025,0.008099208215821479,0.006435529552591242,29.36122276519573,0.0007802845541832609,4
6,121,language_model.model.layers.12.linear_attn.in_proj_a,12,gdn_in_a,earlymid_8_23,245760,0.007010679912480609,0.005442132654473005,0.006450498902973886,28.526529591799356,0.0005601810095067234,5
7,127,language_model.model.layers.6.linear_attn.in_proj_b,6,gdn_in_b,early_0_7,245760,0.006973639376454556,0.007333861045589768,0.0068366258472913125,28.37581126487043,0.00013701352916324367,4
8,134,language_model.model.layers.0.linear_attn.in_proj_b,0,gdn_in_b,early_0_7,245760,0.006915864779235128,0.008752643087715494,0.005947922532352855,28.140725826965856,0.0009679422468822727,4
9,137,language_model.model.layers.4.linear_attn.in_proj_b,4,gdn_in_b,early_0_7,245760,0.006870697446188319,0.006994485211343185,0.006079666715275163,27.956939478305337,0.0007910307309131562,4
10,144,language_model.model.layers.9.linear_attn.in_proj_a,9,gdn_in_a,earlymid_8_23,245760,0.0067995732740078595,0.006047766305351588,0.0057963130347528004,27.667534480826255,0.001003260239255059,8
11,152,language_model.model.layers.10.linear_attn.in_proj_b,10,gdn_in_b,earlymid_8_23,245760,0.0066787917505769035,0.0059289546662145785,0.006772290769297241,27.176073203844826,-9.349901872033727e-05,5
12,155,language_model.model.layers.8.linear_attn.in_proj_b,8,gdn_in_b,earlymid_8_23,245760,0.006597179910359181,0.0063932618541545725,0.005769607979793852,26.843993775875578,0.0008275719305653288,8
13,158,language_model.model.layers.5.linear_attn.in_proj_b,5,gdn_in_b,early_0_7,245760,0.006585771055699243,0.006399904045019188,0.0055253992944003655,26.79757102742205,0.0010603717612988773,8
14,162,language_model.model.layers.4.linear_attn.in_proj_a,4,gdn_in_a,early_0_7,245760,0.006550049482029863,0.006476057701832754,0.0066095621995332495,26.652219572061618,-5.9512717503386846e-05,5
15,166,language_model.model.layers.1.linear_attn.in_proj_b,1,gdn_in_b,early_0_7,245760,0.0064778104467915175,0.006481398753613345,0.00766823599297456,26.35827818518684,-0.0011904255461830425,4
16,167,language_model.model.layers.13.linear_attn.in_proj_a,13,gdn_in_a,earlymid_8_23,245760,0.006473014096437551,0.00571069035743391,0.005022310592762347,26.338761785634567,0.0014507035036752033,8
17,175,language_model.model.layers.12.linear_attn.in_proj_b,12,gdn_in_b,earlymid_8_23,245760,0.006367323047450201,0.005924266704389437,0.006299185120490199,25.908703806356616,6.813792696000204e-05,5
18,204,language_model.model.layers.6.linear_attn.in_proj_a,6,gdn_in_a,early_0_7,245760,0.0061412970509394,0.007231237439989501,0.005973182205951759,24.9890016721167,0.00016811484498764108,4
19,206,language_model.model.layers.5.linear_attn.in_proj_a,5,gdn_in_a,early_0_7,245760,0.006123129938253021,0.0064391250867195035,0.005689590471082561,24.91507950135507,0.0004335394671704596,4
20,207,language_model.model.layers.17.linear_attn.in_proj_a,17,gdn_in_a,earlymid_8_23,245760,0.006110158459406777,0.005250570503734191,0.005151607394835272,24.862298418810127,0.0009585510645715046,8
21,211,language_model.model.layers.9.linear_attn.in_proj_b,9,gdn_in_b,earlymid_8_23,245760,0.006076406268967635,0.006031093524496154,0.005781256663917091,24.724960404327945,0.00029514960505054415,8
22,218,language_model.model.layers.13.linear_attn.in_proj_b,13,gdn_in_b,earlymid_8_23,245760,0.005987128885740887,0.0057919642224702845,0.006680927264552786,24.361689802005564,-0.0006937983788118983,5
23,222,language_model.model.layers.16.linear_attn.in_proj_b,16,gdn_in_b,earlymid_8_23,245760,0.005948320586745169,0.006424209930492676,0.005078011306624776,24.203778429138872,0.0008703092801203927,4
24,227,language_model.model.layers.8.linear_attn.in_proj_a,8,gdn_in_a,earlymid_8_23,245760,0.005894137803359138,0.006177846547572373,0.00556312400283841,23.983308119137117,0.0003310138005207276,4
25,231,language_model.model.layers.18.linear_attn.in_proj_b,18,gdn_in_b,earlymid_8_23,245760,0.005820588022166405,0.004828864273505716,0.004408665289172778,23.684033293320333,0.001411922732993627,8
26,233,language_model.model.layers.17.linear_attn.in_proj_b,17,gdn_in_b,earlymid_8_23,245760,0.005783451172660466,0.004498006774889264,0.0050928724839338175,23.532923065838485,0.0006905786887266485,5
27,234,language_model.model.layers.16.linear_attn.in_proj_a,16,gdn_in_a,earlymid_8_23,245760,0.00572582602252447,0.006001737828404684,0.0053590690385230556,23.298445729673137,0.0003667569840014144,4
28,245,language_model.model.layers.14.linear_attn.in_proj_a,14,gdn_in_a,earlymid_8_23,245760,0.005582374843782676,0.006530525498378869,0.004961450040599317,22.714741389089667,0.0006209248031833585,4
29,247,language_model.model.layers.18.linear_attn.in_proj_a,18,gdn_in_a,earlymid_8_23,245760,0.005556860503848337,0.005371658399496089,0.00480200084397194,22.610923274122467,0.0007548596598763967,8
30,270,language_model.model.layers.10.linear_attn.in_proj_a,10,gdn_in_a,earlymid_8_23,245760,0.005082241279931406,0.006262460603846112,0.006230118652543317,20.679692708054223,-0.0011478773726119112,4
31,273,language_model.model.layers.22.linear_attn.in_proj_a,22,gdn_in_a,earlymid_8_23,245760,0.004932391757854441,0.003918120337375648,0.0038325684798843187,20.069953441790535,0.0010998232779701224,8
32,276,language_model.model.layers.20.linear_attn.in_proj_b,20,gdn_in_b,earlymid_8_23,245760,0.00474474233542152,0.004297804682074226,0.004664060280488025,19.306405987229496,8.068205493349471e-05,5
33,279,language_model.model.layers.26.linear_attn.in_proj_b,26,gdn_in_b,mid_24_47,245760,0.004696586036597684,0.004033596165401778,0.0038641912831382744,19.110457505687194,0.0008323947534594096,8
34,282,language_model.model.layers.21.linear_attn.in_proj_b,21,gdn_in_b,earlymid_8_23,245760,0.0046036018377062235,0.004307731956724814,0.0036323384393559103,18.732103831812434,0.0009712633983503132,8
35,285,language_model.model.layers.24.linear_attn.in_proj_b,24,gdn_in_b,mid_24_47,245760,0.004485602615272571,0.0033332340179511636,0.0038768948197413456,18.251963766571336,0.0006087077955312251,5
36,291,language_model.model.layers.21.linear_attn.in_proj_a,21,gdn_in_a,earlymid_8_23,245760,0.004314360492680319,0.00462979888530455,0.003752722597764388,17.555177785971352,0.0005616378949159311,4
37,295,language_model.model.layers.20.linear_attn.in_proj_a,20,gdn_in_a,earlymid_8_23,245760,0.004116624565499682,0.0036738248589299203,0.0042621046272123845,16.7505882385241,-0.00014548006171270257,5
38,298,language_model.model.layers.22.linear_attn.in_proj_b,22,gdn_in_b,earlymid_8_23,245760,0.004026003631957765,0.004409152202772102,0.003867099296393693,16.38185071597398,0.00015890433556407183,4
39,300,language_model.model.layers.24.linear_attn.in_proj_a,24,gdn_in_a,mid_24_47,245760,0.004000472357069184,0.004496983130186198,0.004080091418052064,16.27796369250156,-7.96190609828806e-05,4
40,303,language_model.model.layers.25.linear_attn.in_proj_a,25,gdn_in_a,mid_24_47,245760,0.003911152487896981,0.004200180153468443,0.003987153639770182,15.914520214424565,-7.600115187320153e-05,4
41,306,language_model.model.layers.29.linear_attn.in_proj_a,29,gdn_in_a,mid_24_47,245760,0.0037576165851709474,0.00360754356565781,0.003292996023474053,15.289781026900014,0.0004646205616968945,8
42,308,language_model.model.layers.25.linear_attn.in_proj_b,25,gdn_in_b,mid_24_47,245760,0.0036863162519571845,0.0037847610501965173,0.004127739793568877,14.99965922834141,-0.0004414235416116928,4
43,309,language_model.model.layers.28.linear_attn.in_proj_a,28,gdn_in_a,mid_24_47,245760,0.0036753030774468527,0.0037586121236099237,0.0031457491118700672,14.954846506538303,0.0005295539655767855,4
44,312,language_model.model.layers.30.linear_attn.in_proj_a,30,gdn_in_a,mid_24_47,245760,0.0036082589165255456,0.003587965061736064,0.0029303763023101545,14.682043117372826,0.0006778826142153911,8
45,317,language_model.model.layers.28.linear_attn.in_proj_b,28,gdn_in_b,mid_24_47,245760,0.003481885577932542,0.003167761578363603,0.003282650396029757,14.167828686248953,0.00019923518190278523,5
46,319,language_model.model.layers.29.linear_attn.in_proj_b,29,gdn_in_b,mid_24_47,245760,0.003464074501743429,0.0032999114369723333,0.002829335353019258,14.095355231703408,0.000634739148724171,8
47,320,language_model.model.layers.33.linear_attn.in_proj_a,33,gdn_in_a,mid_24_47,245760,0.003439090980925778,0.0022911680729819964,0.0023156040204330972,13.993697025251375,0.0011234869604926805,5
48,324,language_model.model.layers.26.linear_attn.in_proj_a,26,gdn_in_a,mid_24_47,245760,0.0034006707250390815,0.003967394476318593,0.003848940305630746,13.83736460383741,-0.0004482695805916644,4
49,331,language_model.model.layers.30.linear_attn.in_proj_b,30,gdn_in_b,mid_24_47,245760,0.003007125081633454,0.002978511881378632,0.00261887166702967,12.236023281386126,0.0003882534146037843,8
50,333,language_model.model.layers.32.linear_attn.in_proj_b,32,gdn_in_b,mid_24_47,245760,0.002961919933588786,0.0025828339334546045,0.0023991579489405406,12.052083063105414,0.0005627619846482455,8
51,344,language_model.model.layers.34.linear_attn.in_proj_b,34,gdn_in_b,mid_24_47,245760,0.0026675001453128713,0.002148056583072462,0.0020471413230172485,10.854085877737921,0.0006203588222956228,8
52,345,language_model.model.layers.34.linear_attn.in_proj_a,34,gdn_in_a,mid_24_47,245760,0.0026654155680357213,0.0022170839978055334,0.0020538103293693526,10.845603711082852,0.0006116052386663687,8
53,346,language_model.model.layers.33.linear_attn.in_proj_b,33,gdn_in_b,mid_24_47,245760,0.0026500989051375873,0.002406114858962637,0.0022056820519388404,10.783280050201773,0.0004444168531987469,8
54,347,language_model.model.layers.32.linear_attn.in_proj_a,32,gdn_in_a,mid_24_47,245760,0.002594655389100862,0.002495639771353384,0.002310984632010752,10.557679805911713,0.00028367075709011,8
55,361,language_model.model.layers.36.linear_attn.in_proj_a,36,gdn_in_a,mid_24_47,245760,0.001964057842834241,0.0018564864843015198,0.001735979811255403,7.991771821428391,0.00022807803157883812,8
56,362,language_model.model.layers.36.linear_attn.in_proj_b,36,gdn_in_b,mid_24_47,245760,0.001958559355294547,0.0017679121419995913,0.0017515146916336033,7.969398418353464,0.0002070446636609439,8
57,366,language_model.model.layers.37.linear_attn.in_proj_b,37,gdn_in_b,mid_24_47,245760,0.0018245002488108742,0.0016225652767904797,0.0015658331283892907,7.423910517622373,0.0002586671204215835,8
58,371,language_model.model.layers.37.linear_attn.in_proj_a,37,gdn_in_a,mid_24_47,245760,0.0016948809282968877,0.001651810343575372,0.0016136883928287607,6.896488152249706,8.119253546812698e-05,8
59,373,language_model.model.layers.38.linear_attn.in_proj_a,38,gdn_in_a,mid_24_47,245760,0.0016226187122919695,0.0016336575634395287,0.0013964163299533539,6.602452442594277,0.00022620238233861563,4
60,375,language_model.model.layers.38.linear_attn.in_proj_b,38,gdn_in_b,mid_24_47,245760,0.001621521935744364,0.001519346468753543,0.001511248005614894,6.597989647397315,0.00011027393012947011,8
61,383,language_model.model.layers.40.linear_attn.in_proj_a,40,gdn_in_a,mid_24_47,245760,0.001346841054436848,0.0012595588680176036,0.0011886452716069796,5.480310280097852,0.00015819578282986828,8
62,385,language_model.model.layers.41.linear_attn.in_proj_a,41,gdn_in_a,mid_24_47,245760,0.0012757594309705518,0.0011704831708608363,0.0010765510586910505,5.191078413779915,0.00019920837227950126,8
63,387,language_model.model.layers.40.linear_attn.in_proj_b,40,gdn_in_b,mid_24_47,245760,0.0012529548976497392,0.0012426011645714683,0.0012023092652393033,5.098286530150307,5.0645632410435855e-05,8
64,389,language_model.model.layers.41.linear_attn.in_proj_b,41,gdn_in_b,mid_24_47,245760,0.0012387030412844354,0.0011612163072994063,0.0010570609933825265,5.040295578143048,0.00018164204790190887,8
65,392,language_model.model.layers.42.linear_attn.in_proj_b,42,gdn_in_b,mid_24_47,245760,0.0011508280188522871,0.001022202785278031,0.0010126841588140425,4.68273119650182,0.0001381438600382447,8
66,393,language_model.model.layers.42.linear_attn.in_proj_a,42,gdn_in_a,mid_24_47,245760,0.0011416830058616184,0.0011358560439122757,0.0010305366622424795,4.645520043382237,0.0001111463436191389,8
67,406,language_model.model.layers.44.linear_attn.in_proj_b,44,gdn_in_b,mid_24_47,245760,0.0008455264434624991,0.0008107492839874102,0.0007607872092248455,3.4404559060160285,8.47392342376536e-05,8
68,407,language_model.model.layers.45.linear_attn.in_proj_a,45,gdn_in_a,mid_24_47,245760,0.000845434866848214,0.0007394890534628961,0.0006970333577474274,3.4400832798185794,0.00014840150910078664,8
69,413,language_model.model.layers.44.linear_attn.in_proj_a,44,gdn_in_a,mid_24_47,245760,0.0008346172328299927,0.0007999082697110612,0.0007604027920404323,3.396066214314749,7.42144407895603e-05,8
70,414,language_model.model.layers.45.linear_attn.in_proj_b,45,gdn_in_b,mid_24_47,245760,0.0008073712190015437,0.0007248742386669185,0.0006959793373330761,3.285201900234146,0.00011139188166846758,8
71,418,language_model.model.layers.46.linear_attn.in_proj_b,46,gdn_in_b,mid_24_47,245760,0.0007530352951691194,0.0006833732397027953,0.0006296982535433872,3.064108460160805,0.00012333704162573221,8
72,421,language_model.model.layers.46.linear_attn.in_proj_a,46,gdn_in_a,mid_24_47,245760,0.0007367223036847313,0.0006566269349510115,0.0006173660899616723,2.997730727883835,0.00011935621372305904,8
73,2,language_model.model.layers.11.self_attn.v_proj,11,full_attn_v,earlymid_8_23,5242880,0.015509649965679273,0.009495632202145573,0.005188366911224604,2.95823096574388,0.010321283054454669,8
74,3,language_model.model.layers.7.self_attn.v_proj,7,full_attn_v,early_0_7,5242880,0.014213091172121549,0.009910026172943997,0.00813989157209854,2.710932001518545,0.006073199600023008,8
75,5,language_model.model.layers.15.self_attn.v_proj,15,full_attn_v,earlymid_8_23,5242880,0.012766280926506855,0.008721165850744653,0.00537210566737974,2.4349748471273145,0.007394175259127115,8
76,6,language_model.model.layers.3.self_attn.v_proj,3,full_attn_v,early_0_7,5242880,0.012656231264413488,0.012359051840074027,0.006368776038810333,2.4139845398737885,0.006287455225603155,8
77,433,language_model.model.layers.48.linear_attn.in_proj_a,48,gdn_in_a,latemid_48_55,245760,0.0005754419337912921,0.0005197651506620529,0.0004974174736338709,2.3414792227835783,7.802446015742117e-05,8
78,434,language_model.model.layers.48.linear_attn.in_proj_b,48,gdn_in_b,latemid_48_55,245760,0.0005714247668241916,0.0005205059192732407,0.0004976913242804151,2.3251333285489566,7.373344254377645e-05,8
79,438,language_model.model.layers.49.linear_attn.in_proj_a,49,gdn_in_a,latemid_48_55,245760,0.0005492926586103111,0.0004853542914541105,0.00046033246717207244,2.2350775496838833,8.896019143823865e-05,8
80,444,language_model.model.layers.49.linear_attn.in_proj_b,49,gdn_in_b,latemid_48_55,245760,0.0005312324479854763,0.0004773975967658934,0.000455143623537933,2.1615903645242365,7.608882444754326e-05,8
81,452,language_model.model.layers.50.linear_attn.in_proj_b,50,gdn_in_b,latemid_48_55,245760,0.00047187075069271474,0.00043455063740708937,0.00040782332866028673,1.9200469998889762,6.404742203242801e-05,8
82,455,language_model.model.layers.50.linear_attn.in_proj_a,50,gdn_in_a,latemid_48_55,245760,0.0004636097217018633,0.0004260925232491859,0.00040719726769281413,1.8864327868728163,5.641245400904915e-05,8
83,22,language_model.model.layers.19.self_attn.v_proj,19,full_attn_v,earlymid_8_23,5242880,0.009568443810289253,0.0069340105334022295,0.005127120918790643,1.8250358219698435,0.00444132289149861,8
84,23,language_model.model.layers.3.self_attn.k_proj,3,full_attn_k,early_0_7,5242880,0.009457765287396483,0.008664586413182568,0.007031317559199463,1.8039255690377203,0.00242644772819702,8
85,24,language_model.model.layers.15.self_attn.k_proj,15,full_attn_k,earlymid_8_23,5242880,0.009453782227729558,0.00631495368290769,0.005139792875782934,1.8031658606967083,0.0043139893519466245,8
86,30,language_model.model.layers.31.self_attn.v_proj,31,full_attn_v,mid_24_47,5242880,0.009336834543631342,0.004913614940770499,0.00290258345042126,1.780859860159176,0.006434251093210082,8
87,34,language_model.model.layers.27.self_attn.v_proj,27,full_attn_v,mid_24_47,5242880,0.009122416526496188,0.005143671283070971,0.0034746164838269132,1.739962868975866,0.005647800042669275,8
88,36,language_model.model.layers.7.self_attn.k_proj,7,full_attn_k,early_0_7,5242880,0.009056021837316065,0.008625086669292329,0.007159319643058063,1.727299087012494,0.0018967021942580013,8
89,56,language_model.model.layers.23.self_attn.v_proj,23,full_attn_v,earlymid_8_23,5242880,0.008425204054654033,0.004464737210012695,0.003987330685321019,1.6069801434810702,0.004437873369333014,8
90,77,language_model.model.layers.35.self_attn.v_proj,35,full_attn_v,mid_24_47,5242880,0.007915167747206166,0.0035322567510137114,0.0019613334708395345,1.5096984381115275,0.005953834276366631,8
91,473,language_model.model.layers.52.linear_attn.in_proj_b,52,gdn_in_b,latemid_48_55,245760,0.0003687939166791612,0.00034663819733124447,0.0003321549997216702,1.5006262885708057,3.663891695749097e-05,8
92,82,language_model.model.layers.11.self_attn.k_proj,11,full_attn_k,earlymid_8_23,5242880,0.007767811468837143,0.006305207342861581,0.005459968006948996,1.4815924585031781,0.002307843461888147,8
93,476,language_model.model.layers.52.linear_attn.in_proj_a,52,gdn_in_a,latemid_48_55,245760,0.00035712012159724984,0.0003414457953194462,0.0003312997949577229,1.4531254947804764,2.582032663952697e-05,8
94,479,language_model.model.layers.53.linear_attn.in_proj_b,53,gdn_in_b,latemid_48_55,245760,0.00033113044639267446,0.00031703801538079365,0.00031168919298606715,1.3473732356472758,1.944125340660731e-05,5
95,482,language_model.model.layers.53.linear_attn.in_proj_a,53,gdn_in_a,latemid_48_55,245760,0.0003211334459144803,0.0003163727296172266,0.0003045883847212892,1.306695336566082,1.654506119319111e-05,8
96,483,language_model.model.layers.54.linear_attn.in_proj_b,54,gdn_in_b,latemid_48_55,245760,0.00031006555696306475,0.0002914802519884308,0.00028615871117686605,1.2616599811322622,2.3906845786198698e-05,5
97,159,language_model.model.layers.23.self_attn.k_proj,23,full_attn_k,earlymid_8_23,5242880,0.006571422862505832,0.003574522390028587,0.003954550457046256,1.2533994412433302,0.0026168724054595758,5
98,169,language_model.model.layers.19.self_attn.k_proj,19,full_attn_k,earlymid_8_23,5242880,0.006436617367982573,0.005463387677706639,0.004564308493837728,1.2276873336758751,0.0018723088741448447,8
99,485,language_model.model.layers.54.linear_attn.in_proj_a,54,gdn_in_a,latemid_48_55,245760,0.00029543077194396015,0.0002942320515198369,0.00028238507670110593,1.2021108884438483,1.3045695242854221e-05,4
100,486,language_model.model.layers.56.linear_attn.in_proj_b,56,gdn_in_b,late_56_63,245760,0.00025799227502707866,0.00025447300835529954,0.00024574998776609106,1.0497732545047147,1.2242287260987603e-05,8
101,487,language_model.model.layers.56.linear_attn.in_proj_a,56,gdn_in_a,late_56_63,245760,0.0002548342703475874,0.00024338203496230182,0.00023972430855466692,1.0369233005679828,1.51099617929205e-05,5
102,260,language_model.model.layers.27.self_attn.k_proj,27,full_attn_k,mid_24_47,5242880,0.005280475792650536,0.003463041838110814,0.003918920998737814,1.0071708283711502,0.001361554793912722,5
103,488,language_model.model.layers.57.linear_attn.in_proj_b,57,gdn_in_b,late_56_63,245760,0.00024175738475768507,0.00023529707089695495,0.0002287218817196953,0.9837133168851119,1.3035503037989762e-05,8
104,489,language_model.model.layers.57.linear_attn.in_proj_a,57,gdn_in_a,late_56_63,245760,0.00023627949263049122,0.000228727749453722,0.00022670114130553192,0.9614237167581837,9.5783513249593e-06,5
105,490,language_model.model.layers.58.linear_attn.in_proj_b,58,gdn_in_b,late_56_63,245760,0.00022824306767294878,0.0002203577025637114,0.00021550943586304646,0.9287234198931836,1.2733631809902317e-05,5
106,491,language_model.model.layers.58.linear_attn.in_proj_a,58,gdn_in_a,late_56_63,245760,0.0002212118082236735,0.00021760659566003162,0.00021309832294746093,0.9001131519517965,8.113485276212574e-06,5
107,293,language_model.model.layers.31.self_attn.k_proj,31,full_attn_k,mid_24_47,5242880,0.004256101394221603,0.003373336426804273,0.0024493747301106063,0.811786917537995,0.001806726664110997,8
108,492,language_model.model.layers.60.linear_attn.in_proj_b,60,gdn_in_b,late_56_63,245760,0.0001974149242563889,0.00019123082176465957,0.00017782831144277632,0.8032833832047075,1.9586612813612584e-05,8
109,1,language_model.model.layers.0.linear_attn.out_proj,0,gdn_out,early_0_7,31457280,0.024836021756106958,0.012902830422025368,0.0067811899383225715,0.7895158690168687,0.018054831817784386,8
110,493,language_model.model.layers.60.linear_attn.in_proj_a,60,gdn_in_a,late_56_63,245760,0.00018774379453527978,0.00018525278954175926,0.00017683023820134268,0.7639314556285799,1.0913556333937098e-05,8
111,494,language_model.model.layers.61.linear_attn.in_proj_b,61,gdn_in_b,late_56_63,245760,0.00018177855800691325,0.00017029537656214157,0.00015726831520963182,0.739658846056776,2.4510242797281433e-05,8
112,495,language_model.model.layers.62.linear_attn.in_proj_b,62,gdn_in_b,late_56_63,245760,0.00017759630211356179,0.0001499998856052659,0.00012960532917328347,0.7226412032615633,4.799097294027832e-05,8
113,496,language_model.model.layers.61.linear_attn.in_proj_a,61,gdn_in_a,late_56_63,245760,0.00017477033331637521,0.00016788415092351124,0.00015511294074726652,0.7111423067886362,1.9657392569108695e-05,8
114,497,language_model.model.layers.62.linear_attn.in_proj_a,62,gdn_in_a,late_56_63,245760,0.00016522695464186315,0.00014695082313325534,0.00012498507062242534,0.6723101995518521,4.024188401943781e-05,8
115,318,language_model.model.layers.39.self_attn.v_proj,39,full_attn_v,mid_24_47,5242880,0.0034775786338992584,0.0020301863168880564,0.0013162512548307804,0.6632954852865712,0.002161327379068478,8
116,330,language_model.model.layers.35.self_attn.k_proj,35,full_attn_k,mid_24_47,5242880,0.0031378221048264585,0.0024199990141674627,0.0019444108338168224,0.5984920701649586,0.001193411271009636,8
117,340,language_model.model.layers.43.self_attn.v_proj,43,full_attn_v,mid_24_47,5242880,0.002822499988303492,0.0014147620614263605,0.0008933448261814192,0.5383491493803962,0.0019291551621220728,8
118,359,language_model.model.layers.39.self_attn.k_proj,39,full_attn_k,mid_24_47,5242880,0.002147561730643206,0.0016715372600914118,0.0013522111514058493,0.40961489308227655,0.0007953505792373569,8
119,363,language_model.model.layers.47.self_attn.v_proj,47,full_attn_v,mid_24_47,5242880,0.0019116571762533025,0.0009171848715093584,0.0005675405116209677,0.3646196701532941,0.0013441166646323349,8
120,17,language_model.model.layers.6.linear_attn.in_proj_z,6,gdn_in_z,early_0_7,31457280,0.00999056918237275,0.0073005471490636305,0.0069920027588577524,0.3175916411836227,0.0029985664235149976,5
121,19,language_model.model.layers.2.linear_attn.in_proj_z,2,gdn_in_z,early_0_7,31457280,0.009773555700406571,0.00821754614494171,0.006873755557236692,0.3106929683814548,0.002899800143169879,8
122,25,language_model.model.layers.12.linear_attn.in_proj_z,12,gdn_in_z,earlymid_8_23,31457280,0.009435804629413439,0.0068596595674127675,0.0061454505278683725,0.2999561509899597,0.0032903541015450663,8
123,379,language_model.model.layers.43.self_attn.k_proj,43,full_attn_k,mid_24_47,5242880,0.0015723160517996232,0.0011492366372579848,0.00092902796226988,0.29989548717491593,0.0006432880895297432,8
124,26,language_model.model.layers.10.linear_attn.in_proj_z,10,gdn_in_z,earlymid_8_23,31457280,0.009426976377300835,0.0067579577418058106,0.0063283798137571965,0.2996755084133414,0.0030985965635436383,5
125,31,language_model.model.layers.5.linear_attn.in_proj_z,5,gdn_in_z,early_0_7,31457280,0.009332590820719558,0.005921648092456718,0.006666843168856229,0.29667507237496565,0.0026657476518633294,5
126,32,language_model.model.layers.9.linear_attn.in_proj_z,9,gdn_in_z,earlymid_8_23,31457280,0.009166981845941228,0.006507019974975916,0.005955949488900421,0.2914105048478835,0.0032110323570408066,5
127,33,language_model.model.layers.1.linear_attn.out_proj,1,gdn_out,early_0_7,31457280,0.009141260313231554,0.00639581449986644,0.00709458677325773,0.2905928393437562,0.002046673539973823,5
128,37,language_model.model.layers.3.self_attn.o_proj,3,full_attn_o,early_0_7,31457280,0.00903488151379861,0.007489521855683024,0.0068510421582171,0.2872111483827785,0.0021838393555815095,5
129,39,language_model.model.layers.2.linear_attn.out_proj,2,gdn_out,early_0_7,31457280,0.009011187936429545,0.0070364933718107085,0.006004845527601915,0.28645794984275647,0.00300634240882763,8
130,44,language_model.model.layers.8.linear_attn.in_proj_z,8,gdn_in_z,earlymid_8_23,31457280,0.008853395828289161,0.006987731011129165,0.005846442939251411,0.2814418738139204,0.00300695288903775,8
131,45,language_model.model.layers.18.linear_attn.in_proj_z,18,gdn_in_z,earlymid_8_23,31457280,0.008823184531491333,0.005097066498806339,0.004379344864969086,0.2804814825532066,0.004443839666522247,8
132,47,language_model.model.layers.14.linear_attn.in_proj_z,14,gdn_in_z,earlymid_8_23,31457280,0.008809381852677064,0.0074208492461814365,0.00678878555894454,0.2800427072104475,0.002020596293732524,5
133,50,language_model.model.layers.4.linear_attn.in_proj_z,4,gdn_in_z,early_0_7,31457280,0.008722208489389368,0.007129191774562168,0.006803249836023619,0.27727154062237325,0.0019189586533657488,5
134,54,language_model.model.layers.10.linear_attn.out_proj,10,gdn_out,earlymid_8_23,31457280,0.008536721806045372,0.005589350624055143,0.00572897658036994,0.27137507775768827,0.002807745225675432,5
135,55,language_model.model.layers.7.self_attn.o_proj,7,full_attn_o,early_0_7,31457280,0.008439831704130646,0.006803561379062707,0.006196760598990593,0.26829502436735303,0.002243071105140053,5
136,59,language_model.model.layers.1.linear_attn.in_proj_z,1,gdn_in_z,early_0_7,31457280,0.008273055366024986,0.007206423781940769,0.007575662611591032,0.2629933473594979,0.0006973927544339543,5
137,65,language_model.model.layers.0.linear_attn.in_proj_z,0,gdn_in_z,early_0_7,31457280,0.008121741434764256,0.007254488533362746,0.00601115385973965,0.25818320702757064,0.0021105875750246058,8
138,69,language_model.model.layers.16.linear_attn.in_proj_z,16,gdn_in_z,earlymid_8_23,31457280,0.007996849938983848,0.006773476750388353,0.005257093683389057,0.2542130132987928,0.0027397562555947904,8
139,75,language_model.model.layers.4.linear_attn.out_proj,4,gdn_out,early_0_7,31457280,0.007935927797251366,0.007799967790262273,0.006216533719900815,0.2522763505697685,0.0017193940773505513,4
140,83,language_model.model.layers.9.linear_attn.out_proj,9,gdn_out,earlymid_8_23,31457280,0.007695353405338142,0.006694193908583317,0.005447011035276271,0.24462869661134537,0.0022483423700618704,8
141,84,language_model.model.layers.6.linear_attn.out_proj,6,gdn_out,early_0_7,31457280,0.0076780956844041655,0.007184301968663931,0.006388895605202528,0.2440800884375307,0.0012892000792016373,8
142,86,language_model.model.layers.5.linear_attn.out_proj,5,gdn_out,early_0_7,31457280,0.007677216002884418,0.006283330808848893,0.007468098332347877,0.2440521241151307,0.0002091176705365412,5
143,92,language_model.model.layers.15.self_attn.o_proj,15,full_attn_o,earlymid_8_23,31457280,0.007594772435137446,0.0052705202857640555,0.0056637700976379934,0.2414313136780245,0.0019310023374994522,5
144,93,language_model.model.layers.31.self_attn.o_proj,31,full_attn_o,mid_24_47,31457280,0.007578796638677995,0.0035166307508862063,0.002563465212874893,0.2409234567857741,0.005015331425803102,8
145,96,language_model.model.layers.8.linear_attn.out_proj,8,gdn_out,earlymid_8_23,31457280,0.007482823419494124,0.0070328715308604125,0.006562782474532862,0.23787255031249124,0.0009200409449612616,5
146,7,language_model.model.layers.14.linear_attn.in_proj_qkv,14,gdn_in_qkv,earlymid_8_23,52428800,0.012376539362246976,0.006818867890588216,0.005984482669693751,0.23606375431531862,0.006392056692553225,5
147,98,language_model.model.layers.13.linear_attn.out_proj,13,gdn_out,earlymid_8_23,31457280,0.007376183231826872,0.006870346404038675,0.004866219504906643,0.23448255004332455,0.0025099637269202285,8
148,107,language_model.model.layers.21.linear_attn.out_proj,21,gdn_out,earlymid_8_23,31457280,0.007226062367788391,0.005309602728725147,0.0038367337855656366,0.2297103362969841,0.0033893285822227544,8
149,391,language_model.model.layers.51.self_attn.v_proj,51,full_attn_v,latemid_48_55,5242880,0.00119983175345488,0.0006154858632753395,0.0003755483616694266,0.22884974545571898,0.0008242833917854535,8
150,118,language_model.model.layers.13.linear_attn.in_proj_z,13,gdn_in_z,earlymid_8_23,31457280,0.007113889379708319,0.005962673592930243,0.0060574671737033065,0.22614445303943378,0.001056422206005012,5
151,9,language_model.model.layers.16.linear_attn.in_proj_qkv,16,gdn_in_qkv,earlymid_8_23,52428800,0.011782425414048024,0.007029703788289022,0.00485698842450476,0.22473193004699754,0.006925436989543264,8
152,124,language_model.model.layers.26.linear_attn.in_proj_z,26,gdn_in_z,mid_24_47,31457280,0.007002804595577433,0.005054583210922055,0.004126238831060021,0.22261316285379518,0.0028765657645174122,8
153,125,language_model.model.layers.17.linear_attn.in_proj_z,17,gdn_in_z,earlymid_8_23,31457280,0.007001701874463861,0.00577564323286234,0.00541923290384419,0.22257810829365607,0.0015824689706196706,5
154,130,language_model.model.layers.11.self_attn.o_proj,11,full_attn_o,earlymid_8_23,31457280,0.006963222560389384,0.0060465895108628405,0.005704725714601965,0.2213548838421308,0.0012584968457874188,5
155,140,language_model.model.layers.18.linear_attn.out_proj,18,gdn_out,earlymid_8_23,31457280,0.0068396515166908225,0.005503294584619354,0.005578278740494401,0.21742666615456974,0.0012613727761964216,5
156,147,language_model.model.layers.14.linear_attn.out_proj,14,gdn_out,earlymid_8_23,31457280,0.006735887570886998,0.00501482321341251,0.00478281606785404,0.2141280991518338,0.001953071503032958,5
157,11,language_model.model.layers.17.linear_attn.in_proj_qkv,17,gdn_in_qkv,earlymid_8_23,52428800,0.011222713908403,0.007374095947241911,0.004068876137963927,0.2140562802963829,0.0071538377704390725,8
158,151,language_model.model.layers.16.linear_attn.out_proj,16,gdn_out,earlymid_8_23,31457280,0.006685689255880164,0.004812931081361777,0.005575315530738557,0.21253233769353755,0.001110373725141607,5
159,164,language_model.model.layers.35.self_attn.o_proj,35,full_attn_o,mid_24_47,31457280,0.006515070794058143,0.003659672806440825,0.0019187127346860997,0.2071085228620575,0.004596358059372044,8
160,165,language_model.model.layers.12.linear_attn.out_proj,12,gdn_out,earlymid_8_23,31457280,0.006514343392467057,0.006069355864519142,0.0055462771011499075,0.20708539938821974,0.0009680662913171493,5
161,4,language_model.model.layers.11.self_attn.q_proj,11,full_attn_q,earlymid_8_23,62914560,0.012946478719736185,0.008740755834932954,0.00652709611606395,0.2057787373818745,0.006419382603672235,8
162,397,language_model.model.layers.47.self_attn.k_proj,47,full_attn_k,mid_24_47,5242880,0.0010770239545607508,0.0007777257180432163,0.0005899881853925329,0.20542601672377603,0.00048703576916821797,8
163,13,language_model.model.layers.12.linear_attn.in_proj_qkv,12,gdn_in_qkv,earlymid_8_23,52428800,0.010635529227342818,0.008308253311178536,0.006089006595351775,0.20285662131009707,0.004546522631991043,8
164,173,language_model.model.layers.17.linear_attn.out_proj,17,gdn_out,earlymid_8_23,31457280,0.0063704712539668015,0.005388888142961286,0.004683481416849197,0.20251182727708186,0.0016869898371176043,8
165,174,language_model.model.layers.27.self_attn.o_proj,27,full_attn_o,mid_24_47,31457280,0.006368222453982444,0.003876423220403854,0.0034444371545461435,0.20244033985082133,0.0029237852994363008,5
166,14,language_model.model.layers.6.linear_attn.in_proj_qkv,6,gdn_in_qkv,early_0_7,52428800,0.010552785313712544,0.009490872865348166,0.005937334673727668,0.20127840640473452,0.004615450639984876,8
167,184,language_model.model.layers.29.linear_attn.in_proj_z,29,gdn_in_z,mid_24_47,31457280,0.006276628176930166,0.004174899834394108,0.003146927632606908,0.1995286361990028,0.003129700544323258,8
168,195,language_model.model.layers.22.linear_attn.in_proj_z,22,gdn_in_z,earlymid_8_23,31457280,0.006209431540823903,0.004693278297434436,0.004473214358510102,0.1973925126655548,0.0017362171823138003,5
169,15,language_model.model.layers.18.linear_attn.in_proj_qkv,18,gdn_in_qkv,earlymid_8_23,52428800,0.010280203938209661,0.00592342727259844,0.004861955952729835,0.19607932926577876,0.0054182479854798255,5
170,201,language_model.model.layers.24.linear_attn.in_proj_z,24,gdn_in_z,mid_24_47,31457280,0.006148215498837795,0.00460189614669114,0.003963563642933715,0.19544650709908154,0.0021846518559040804,5
171,203,language_model.model.layers.25.linear_attn.in_proj_z,25,gdn_in_z,mid_24_47,31457280,0.006146051989583326,0.004921451118234337,0.003565519836378534,0.19537773099210506,0.002580532153204792,8
172,213,language_model.model.layers.20.linear_attn.in_proj_z,20,gdn_in_z,earlymid_8_23,31457280,0.006055946428843065,0.0042107396936322105,0.00425907301107498,0.19251335235732603,0.001796873417768085,5
173,8,language_model.model.layers.3.self_attn.q_proj,3,full_attn_q,early_0_7,62914560,0.012044348301359021,0.008496814148080076,0.006677305588668991,0.1914397605476224,0.00536704271269003,8
174,216,language_model.model.layers.28.linear_attn.in_proj_z,28,gdn_in_z,mid_24_47,31457280,0.006009508095900598,0.00522560817810686,0.003489040245333297,0.19103711750986094,0.0025204678505673004,8
175,217,language_model.model.layers.30.linear_attn.in_proj_z,30,gdn_in_z,mid_24_47,31457280,0.0060068264316051586,0.0038583883963553096,0.0026831062846824024,0.1909518696977348,0.003323720146922756,8
176,18,language_model.model.layers.13.linear_attn.in_proj_qkv,13,gdn_in_qkv,earlymid_8_23,52428800,0.00979759033644266,0.006291420715027002,0.0057332467649622,0.1868742053307087,0.00406434357148046,5
177,10,language_model.model.layers.7.self_attn.q_proj,7,full_attn_q,early_0_7,62914560,0.011756919186263443,0.008086738572369065,0.00646959912551414,0.18687119780005526,0.005287320060749303,8
178,20,language_model.model.layers.5.linear_attn.in_proj_qkv,5,gdn_in_qkv,early_0_7,52428800,0.00976977733601538,0.008147852818495524,0.006459265400233345,0.18634371444731485,0.0033105119357820356,8
179,229,language_model.model.layers.26.linear_attn.out_proj,26,gdn_out,mid_24_47,31457280,0.005852870804078724,0.004050524827568972,0.0033204955654392546,0.18605775210312922,0.0025323752386394696,8
180,21,language_model.model.layers.2.linear_attn.in_proj_qkv,2,gdn_in_qkv,early_0_7,52428800,0.009662566336876115,0.008854669602170809,0.0072001789604424875,0.18429882692100744,0.0024623873764336272,8
181,237,language_model.model.layers.24.linear_attn.out_proj,24,gdn_out,mid_24_47,31457280,0.005675871018798146,0.00444655553237952,0.004447563745971046,0.18043108046207895,0.0012283072728271,5
182,27,language_model.model.layers.30.linear_attn.in_proj_qkv,30,gdn_in_qkv,mid_24_47,52428800,0.009405645226917244,0.004503879882264952,0.00322233935839361,0.17939844564280022,0.006183305868523634,8
183,28,language_model.model.layers.1.linear_attn.in_proj_qkv,1,gdn_in_qkv,early_0_7,52428800,0.009375311428621939,0.009316482915240688,0.007637202207593303,0.17881987435573463,0.0017381092210286362,8
184,29,language_model.model.layers.8.linear_attn.in_proj_qkv,8,gdn_in_qkv,earlymid_8_23,52428800,0.009355596886989451,0.008177299172801675,0.005719476379019751,0.17844384931544213,0.0036361205079697007,8
185,244,language_model.model.layers.34.linear_attn.in_proj_z,34,gdn_in_z,mid_24_47,31457280,0.005594936878865224,0.0030806269783373755,0.0022633529822915486,0.17785825344293035,0.003331583896573675,8
186,246,language_model.model.layers.32.linear_attn.in_proj_z,32,gdn_in_z,mid_24_47,31457280,0.005580597459390732,0.003594768992468798,0.0023986930939813716,0.17740241557409706,0.00318190436540936,8
187,248,language_model.model.layers.29.linear_attn.out_proj,29,gdn_out,mid_24_47,31457280,0.005541810465050486,0.004122980918523285,0.0033705368729911173,0.17616941023033417,0.002171273592059369,8
188,249,language_model.model.layers.21.linear_attn.in_proj_z,21,gdn_in_z,earlymid_8_23,31457280,0.005541710782042051,0.00439838896033792,0.004043629382121891,0.17616624139283663,0.0014980813999201596,5
189,253,language_model.model.layers.30.linear_attn.out_proj,30,gdn_out,mid_24_47,31457280,0.00545267399323152,0.0036655470842683214,0.002748447008180752,0.17333583810270695,0.0027042269850507685,8
190,12,language_model.model.layers.15.self_attn.q_proj,15,full_attn_q,earlymid_8_23,62914560,0.010818215137444881,0.007313711063522818,0.004761580814157418,0.17195089876564157,0.006056634323287463,8
191,40,language_model.model.layers.9.linear_attn.in_proj_qkv,9,gdn_in_qkv,earlymid_8_23,52428800,0.008997071411464113,0.006267403353200252,0.00678711890724293,0.17160551855972506,0.0022099525042211833,5
192,259,language_model.model.layers.25.linear_attn.out_proj,25,gdn_out,mid_24_47,31457280,0.005327495471348485,0.004497885434069921,0.004192548840256311,0.16935652005985533,0.0011349466310921746,5
193,43,language_model.model.layers.26.linear_attn.in_proj_qkv,26,gdn_in_qkv,mid_24_47,52428800,0.008878144801771546,0.00469254640690329,0.0036252027150736983,0.16933717349570362,0.005252942086697848,5
194,46,language_model.model.layers.34.linear_attn.in_proj_qkv,34,gdn_in_qkv,mid_24_47,52428800,0.008813148779697272,0.003739281547943881,0.002360914399240986,0.16809747275728745,0.006452234380456286,8
195,48,language_model.model.layers.10.linear_attn.in_proj_qkv,10,gdn_in_qkv,earlymid_8_23,52428800,0.008790270512256382,0.007198054584545959,0.006024540951058491,0.16766110443604246,0.0027657295611978917,8
196,51,language_model.model.layers.0.linear_attn.in_proj_qkv,0,gdn_in_qkv,early_0_7,52428800,0.008715068409740647,0.007708902935560014,0.007920235067904829,0.16622673816186231,0.0007948333418358183,5
197,262,language_model.model.layers.19.self_attn.o_proj,19,full_attn_o,earlymid_8_23,31457280,0.005214519086797763,0.005021081908750209,0.004735024548187824,0.1657650975163067,0.0004794945386099392,4
198,52,language_model.model.layers.32.linear_attn.in_proj_qkv,32,gdn_in_qkv,mid_24_47,52428800,0.00868224078935307,0.003918377377628002,0.0025510923781018676,0.165600600993215,0.006131148411251203,8
199,266,language_model.model.layers.20.linear_attn.out_proj,20,gdn_out,earlymid_8_23,31457280,0.005115381522806111,0.004984512460789879,0.0038113205959940497,0.1626135992306427,0.0013040609268120617,4
200,268,language_model.model.layers.28.linear_attn.out_proj,28,gdn_out,mid_24_47,31457280,0.005088938323697492,0.003351162895151942,0.0031930354431205527,0.1617729925695258,0.0018959028805769391,5
201,16,language_model.model.layers.19.self_attn.q_proj,19,full_attn_q,earlymid_8_23,62914560,0.010096930642438525,0.0054476377914777835,0.004445174530212795,0.16048639047048133,0.0056517561122257295,5
202,271,language_model.model.layers.22.linear_attn.out_proj,22,gdn_out,earlymid_8_23,31457280,0.004962977101859539,0.004493510388593718,0.004552947574489708,0.1577687931651923,0.0004100295273698311,5
203,272,language_model.model.layers.33.linear_attn.out_proj,33,gdn_out,mid_24_47,31457280,0.0049407426367770995,0.0032082825563344132,0.0023711661098189583,0.15706197855558712,0.0025695765269581413,8
204,61,language_model.model.layers.33.linear_attn.in_proj_qkv,33,gdn_in_qkv,mid_24_47,52428800,0.008167536327842999,0.005049386849486158,0.00252779817163906,0.15578339248357773,0.005639738156203939,8
205,64,language_model.model.layers.29.linear_attn.in_proj_qkv,29,gdn_in_qkv,mid_24_47,52428800,0.008126384313452863,0.004168456965890616,0.002926955901133244,0.15499848009973266,0.005199428412319618,8
206,68,language_model.model.layers.4.linear_attn.in_proj_qkv,4,gdn_in_qkv,early_0_7,52428800,0.008046708558859831,0.007849733540249655,0.005718784814234823,0.15347878568381942,0.0023279237446250083,8
207,277,language_model.model.layers.34.linear_attn.out_proj,34,gdn_out,mid_24_47,31457280,0.004740414399273151,0.00299048695996501,0.002189757338674642,0.15069371539030557,0.0025506570605985093,8
208,281,language_model.model.layers.32.linear_attn.out_proj,32,gdn_out,mid_24_47,31457280,0.004636264462831931,0.003228272733394988,0.002354635929370841,0.14738287807566106,0.00228162853346109,8
209,283,language_model.model.layers.23.self_attn.o_proj,23,full_attn_o,earlymid_8_23,31457280,0.004571827836143576,0.004952804346607108,0.004223936896792043,0.14533449287870967,0.0003478909393515332,4
210,284,language_model.model.layers.33.linear_attn.in_proj_z,33,gdn_in_z,mid_24_47,31457280,0.004492087855695316,0.0030671229480449527,0.0021998506912930325,0.14279962716723496,0.002292237164402284,8
211,286,language_model.model.layers.39.self_attn.o_proj,39,full_attn_o,mid_24_47,31457280,0.004477323846519689,0.0022205344519452817,0.0013719192612004021,0.1423302919553022,0.0031054045853192865,8
212,289,language_model.model.layers.36.linear_attn.in_proj_z,36,gdn_in_z,mid_24_47,31457280,0.004419634119979342,0.0024839550916560746,0.0017333983523169978,0.14049638493790126,0.002686235767662344,8
213,105,language_model.model.layers.24.linear_attn.in_proj_qkv,24,gdn_in_qkv,mid_24_47,52428800,0.007287066325600913,0.004831925715205135,0.004551880720263493,0.13898975993348908,0.0027351856053374193,5
214,131,language_model.model.layers.25.linear_attn.in_proj_qkv,25,gdn_in_qkv,mid_24_47,52428800,0.006957592127267828,0.004908920558075657,0.003978872973838502,0.13270553831611306,0.002978719153429326,5
215,133,language_model.model.layers.22.linear_attn.in_proj_qkv,22,gdn_in_qkv,earlymid_8_23,52428800,0.006931154025673393,0.00457038200693205,0.0041298692582918805,0.13220127154681002,0.0028012847673815127,5
216,136,language_model.model.layers.28.linear_attn.in_proj_qkv,28,gdn_in_qkv,mid_24_47,52428800,0.006913278893039409,0.005292001890788313,0.003411431666750308,0.1318603304489023,0.003501847226289101,8
217,428,language_model.model.layers.51.self_attn.k_proj,51,full_attn_k,latemid_48_55,5242880,0.0006869514309888039,0.0004726365218833853,0.0003862534887496201,0.13102558727050856,0.00030069794223918376,5
218,62,language_model.model.layers.27.self_attn.q_proj,27,full_attn_q,mid_24_47,62914560,0.008154864227069097,0.0050855876131629596,0.0035750992379391063,0.12961807611893175,0.0045797649891299915,8
219,154,language_model.model.layers.20.linear_attn.in_proj_qkv,20,gdn_in_qkv,earlymid_8_23,52428800,0.006629266624326762,0.005002275685503481,0.004202001504191726,0.12644322632459187,0.002427265120135036,5
220,76,language_model.model.layers.23.self_attn.q_proj,23,full_attn_q,earlymid_8_23,62914560,0.00792309899776201,0.006030756506266128,0.003769485904564108,0.1259342670084955,0.004153613093197902,8
221,302,language_model.model.layers.37.linear_attn.in_proj_z,37,gdn_in_z,mid_24_47,31457280,0.0039552602923037345,0.0023560074177343023,0.001663110207430949,0.1257343385157183,0.0022921500848727856,8
222,304,language_model.model.layers.36.linear_attn.out_proj,36,gdn_out,mid_24_47,31457280,0.0038895213895272325,0.0023113621603836542,0.0017371242340313577,0.12364455507682905,0.0021523971554958748,5
223,305,language_model.model.layers.37.linear_attn.out_proj,37,gdn_out,mid_24_47,31457280,0.0038531008576140253,0.002311010610545923,0.0016061786891034206,0.12248677754764638,0.002246922168510605,8
224,189,language_model.model.layers.21.linear_attn.in_proj_qkv,21,gdn_in_qkv,earlymid_8_23,52428800,0.006242045474589677,0.005370362434378102,0.004115008849410841,0.11905756901912075,0.0021270366251788363,8
225,310,language_model.model.layers.40.linear_attn.in_proj_z,40,gdn_in_z,mid_24_47,31457280,0.0036373279377150893,0.001830636089712854,0.0012965535016560149,0.11562754115152644,0.0023407744360590746,5
226,313,language_model.model.layers.41.linear_attn.out_proj,41,gdn_out,mid_24_47,31457280,0.0036043085704328243,0.0017922374127960917,0.0011205650599318932,0.11457788373415707,0.002483743510500931,5
227,314,language_model.model.layers.38.linear_attn.in_proj_z,38,gdn_in_z,mid_24_47,31457280,0.0036012375094830545,0.0019623157243572747,0.0014722596158085863,0.11448025733575995,0.0021289778936744684,5
228,315,language_model.model.layers.38.linear_attn.out_proj,38,gdn_out,mid_24_47,31457280,0.0036006607173910752,0.0020757066296611623,0.0014904330820349086,0.11446192160895906,0.0021102276353561667,5
229,323,language_model.model.layers.40.linear_attn.out_proj,40,gdn_out,mid_24_47,31457280,0.0034138581162985802,0.0018588039417422738,0.001242326909946382,0.10852362684563258,0.0021715312063521983,5
230,325,language_model.model.layers.43.self_attn.o_proj,43,full_attn_o,mid_24_47,31457280,0.0032974458247450973,0.0014981193211252815,0.0009104434361485,0.10482297976001415,0.0023870023885965972,5
231,326,language_model.model.layers.41.linear_attn.in_proj_z,41,gdn_in_z,mid_24_47,31457280,0.0032742499704420595,0.001629772036572668,0.0011204604616340027,0.10408560341015052,0.002153789508808057,5
232,440,language_model.model.layers.55.self_attn.v_proj,55,full_attn_v,latemid_48_55,5242880,0.0005453707893125351,0.00034909950892454873,0.000273362045465628,0.10402122293711379,0.00027200874384690715,5
233,38,language_model.model.layers.3.mlp.down_proj,3,mlp_down,early_0_7,89128960,0.009011452210938502,0.006414894524131165,0.006416596844531735,0.10110577090699255,0.002594855366406768,5
234,41,language_model.model.layers.2.mlp.down_proj,2,mlp_down,early_0_7,89128960,0.008985715076620968,0.0076000653094361855,0.006643055123711394,0.10081700803668044,0.0023426599529095746,5
235,42,language_model.model.layers.2.mlp.up_proj,2,mlp_up,early_0_7,89128960,0.008944838892046445,0.006375088930692968,0.00654165771982716,0.10035838959689922,0.0024031811722192856,5
236,188,language_model.model.layers.35.self_attn.q_proj,35,full_attn_q,mid_24_47,62914560,0.0062495865227060335,0.0033276170742378305,0.0020718185096212883,0.0993345025810565,0.004177768013084745,5
237,194,language_model.model.layers.31.self_attn.q_proj,31,full_attn_q,mid_24_47,62914560,0.00621330404025155,0.003910856503895971,0.0028257846743009163,0.09875780805351814,0.0033875193659506334,5
238,49,language_model.model.layers.35.mlp.down_proj,35,mlp_down,mid_24_47,89128960,0.008736178005477343,0.003652316934703641,0.0020923114454707327,0.09801727749855203,0.0066438665600066105,5
239,53,language_model.model.layers.38.mlp.down_proj,38,mlp_down,mid_24_47,89128960,0.008612979265579732,0.003154141201165074,0.0015089468517490148,0.09663502486262301,0.007104032413830717,5
240,57,language_model.model.layers.37.mlp.down_proj,37,mlp_down,mid_24_47,89128960,0.008376272611577175,0.0035542826343730872,0.0016795719969181914,0.0939792477279795,0.006696700614658983,5
241,334,language_model.model.layers.42.linear_attn.out_proj,42,gdn_out,mid_24_47,31457280,0.002945253066132158,0.0015317682785402512,0.001038194073988785,0.09362707348289993,0.001907058992143373,5
242,58,language_model.model.layers.36.mlp.down_proj,36,mlp_down,mid_24_47,89128960,0.008307564875055382,0.003473920592344922,0.0017638647963150419,0.0932083676849296,0.00654370007874034,5
243,60,language_model.model.layers.3.mlp.gate_proj,3,mlp_gate,early_0_7,89128960,0.008270721158678227,0.007344450249072553,0.006425728704980158,0.09279499231987255,0.0018449924536980689,5
244,335,language_model.model.layers.42.linear_attn.in_proj_z,42,gdn_in_z,mid_24_47,31457280,0.0028927939296300425,0.001485296919157402,0.0010099418936106168,0.09195944244480268,0.0018828520360194257,5
245,63,language_model.model.layers.1.mlp.gate_proj,1,mlp_gate,early_0_7,89128960,0.008153596116705979,0.00840037545482906,0.00769069229288256,0.091480884739438,0.00046290382382341896,4
246,67,language_model.model.layers.4.mlp.gate_proj,4,mlp_gate,early_0_7,89128960,0.008068620532650306,0.006956441184799465,0.00596173691264451,0.09052748436254958,0.002106883620005796,5
247,70,language_model.model.layers.0.mlp.gate_proj,0,mlp_gate,early_0_7,89128960,0.007996109889823693,0.007083406353911468,0.006952399441819471,0.08971393685984548,0.001043710448004222,5
248,71,language_model.model.layers.0.mlp.down_proj,0,mlp_down,early_0_7,89128960,0.007988773173402384,0.007912457626966287,0.007800369342761253,0.08963162111846008,0.0001884038306411307,4
249,72,language_model.model.layers.34.mlp.down_proj,34,mlp_down,mid_24_47,89128960,0.007978310178245988,0.0038893560636979736,0.002165062096510291,0.08951422947430318,0.005813248081735697,5
250,73,language_model.model.layers.12.mlp.up_proj,12,mlp_up,earlymid_8_23,89128960,0.00794508654790159,0.0056690961993890185,0.005513493739652322,0.08914147038068872,0.0024315928082492668,5
251,74,language_model.model.layers.35.mlp.up_proj,35,mlp_up,mid_24_47,89128960,0.007940124003598883,0.0035279136791359633,0.0020376339288942736,0.08908579213309438,0.0059024900747046095,5
252,78,language_model.model.layers.34.mlp.gate_proj,34,mlp_gate,mid_24_47,89128960,0.007882714077809464,0.0034986590043947436,0.002176483162181841,0.08844167011271606,0.005706230915627624,5
253,79,language_model.model.layers.38.mlp.gate_proj,38,mlp_gate,mid_24_47,89128960,0.007859269068220199,0.002914520642336166,0.0015122139604445963,0.08817862418926688,0.0063470551077756026,5
254,80,language_model.model.layers.3.mlp.up_proj,3,mlp_up,early_0_7,89128960,0.007845080778638679,0.006361558123790562,0.005776216384586391,0.08801943586729476,0.0020688643940522874,5
255,81,language_model.model.layers.7.mlp.up_proj,7,mlp_up,early_0_7,89128960,0.007803241766158686,0.005935835452887591,0.005869018273391594,0.08755001478934217,0.0019342234927670916,5
256,459,language_model.model.layers.59.self_attn.v_proj,59,full_attn_v,late_56_63,5242880,0.00045405565600307074,0.0002936759435636019,0.00020539981300887,0.08660424346982398,0.0002486558429942008,5
257,85,language_model.model.layers.35.mlp.gate_proj,35,mlp_gate,mid_24_47,89128960,0.007677272015160867,0.003786918473926915,0.0019127714696145657,0.08613667224615734,0.005764500545546301,5
258,87,language_model.model.layers.34.mlp.up_proj,34,mlp_up,mid_24_47,89128960,0.007651895037487344,0.003745427209433905,0.0021701400921247385,0.08585195022456611,0.005481754945362605,5
259,88,language_model.model.layers.10.mlp.down_proj,10,mlp_down,earlymid_8_23,89128960,0.007646661885551858,0.006295257820070151,0.004979049553008708,0.08579323584109877,0.00266761233254315,5
260,89,language_model.model.layers.2.mlp.gate_proj,2,mlp_gate,early_0_7,89128960,0.007643611910978833,0.006056238847624844,0.007152034743400568,0.08575901604796952,0.0004915771675782646,5
261,90,language_model.model.layers.39.mlp.down_proj,39,mlp_down,mid_24_47,89128960,0.00763002281724875,0.002951285364184487,0.0013056619459009076,0.08560655052239755,0.006324360871347842,5
262,91,language_model.model.layers.36.mlp.up_proj,36,mlp_up,mid_24_47,89128960,0.007628663391337049,0.0034810128378935518,0.0016954802084191173,0.0855912981744323,0.0059331831829179315,5
263,287,language_model.model.layers.37.linear_attn.in_proj_qkv,37,gdn_in_qkv,mid_24_47,52428800,0.004460704458595963,0.0026467976116040137,0.0016695222914663713,0.08508118550483633,0.002791182167129591,5
264,94,language_model.model.layers.39.mlp.gate_proj,39,mlp_gate,mid_24_47,89128960,0.0075362059113972665,0.0029231615525491385,0.0013548871569609993,0.08455395318645328,0.006181318754436267,5
265,95,language_model.model.layers.14.mlp.up_proj,14,mlp_up,earlymid_8_23,89128960,0.00753068595380981,0.005253124955403896,0.006108906336385868,0.084492020930232,0.0014217796174239425,5
266,97,language_model.model.layers.32.mlp.up_proj,32,mlp_up,mid_24_47,89128960,0.007461707008248473,0.0035537904143201383,0.0023925102360584814,0.08371809800370691,0.005069196772189991,5
267,99,language_model.model.layers.37.mlp.gate_proj,37,mlp_gate,mid_24_47,89128960,0.007360134762016806,0.0031448431249400392,0.0016364574889781009,0.08257848809205007,0.005723677273038705,5
268,290,language_model.model.layers.36.linear_attn.in_proj_qkv,36,gdn_in_qkv,mid_24_47,52428800,0.004316785383218927,0.0024485766816859955,0.0016941099096204279,0.08233614698827604,0.0026226754735984995,5
269,101,language_model.model.layers.38.mlp.up_proj,38,mlp_up,mid_24_47,89128960,0.007331393349397955,0.003067533531093296,0.0014343581899979722,0.08225601812696968,0.005897035159399983,5
270,103,language_model.model.layers.9.mlp.gate_proj,9,mlp_gate,earlymid_8_23,89128960,0.007300961384534099,0.006437017962661461,0.005923580320737909,0.08191458067651748,0.0013773810637961901,5
271,104,language_model.model.layers.5.mlp.gate_proj,5,mlp_gate,early_0_7,89128960,0.007294557128560299,0.00797462109984559,0.006400979861596238,0.08184272685960096,0.0008935772669640607,4
272,106,language_model.model.layers.40.mlp.gate_proj,40,mlp_gate,mid_24_47,89128960,0.00726162119544417,0.0028058909024841695,0.0013281687333530038,0.08147319564195712,0.005933452462091166,5
273,467,language_model.model.layers.63.self_attn.v_proj,63,full_attn_v,late_56_63,5242880,0.00042663291014154067,0.00023859491725556497,9.504785371810517e-05,0.08137376978712857,0.0003315850564234355,8
274,350,language_model.model.layers.44.linear_attn.out_proj,44,gdn_out,mid_24_47,31457280,0.0025534829149351096,0.0013083648451329417,0.00079076782884528,0.08117303577852598,0.0017627150860898295,5
275,108,language_model.model.layers.28.mlp.gate_proj,28,mlp_gate,mid_24_47,89128960,0.0072229490506831116,0.0037522998242291495,0.0031971606094070445,0.08103930586291046,0.004025788441276067,5
276,109,language_model.model.layers.33.mlp.up_proj,33,mlp_up,mid_24_47,89128960,0.0072164325683843344,0.003725863050334086,0.0021774879550959204,0.080966192900538,0.005038944613288414,5
277,111,language_model.model.layers.5.mlp.up_proj,5,mlp_up,early_0_7,89128960,0.007211156707229232,0.006976234344565726,0.006527550592358266,0.08090699933253157,0.0006836061148709658,4
278,112,language_model.model.layers.36.mlp.gate_proj,36,mlp_gate,mid_24_47,89128960,0.007210143081411205,0.003326317678994513,0.0017818283374810508,0.0808956267571304,0.005428314743930154,5
279,113,language_model.model.layers.11.mlp.up_proj,11,mlp_up,earlymid_8_23,89128960,0.007178897183621302,0.005554612507911593,0.0053772804335562455,0.08054505722518587,0.0018016167500650567,5
280,114,language_model.model.layers.0.mlp.up_proj,0,mlp_up,early_0_7,89128960,0.007149955769045167,0.007025301632811941,0.006496550980086591,0.08022034329857734,0.0006534047889585762,4
281,115,language_model.model.layers.5.mlp.down_proj,5,mlp_down,early_0_7,89128960,0.00714818998014054,0.006112388306933302,0.0058024618088323345,0.08020053168061807,0.0013457281713082055,5
282,116,language_model.model.layers.8.mlp.down_proj,8,mlp_down,earlymid_8_23,89128960,0.007147603908053308,0.005562389163263907,0.006364182224618827,0.08019395612888681,0.0007834216834344803,5
283,117,language_model.model.layers.4.mlp.up_proj,4,mlp_up,early_0_7,89128960,0.007116545034735811,0.007112158424613664,0.00618803597019756,0.07984548495501138,0.0009285090645382507,4
284,119,language_model.model.layers.11.mlp.down_proj,11,mlp_down,earlymid_8_23,89128960,0.007080309163586153,0.005894617586737193,0.005647333996299196,0.07943892942974039,0.0014329751672869573,5
285,120,language_model.model.layers.6.mlp.gate_proj,6,mlp_gate,early_0_7,89128960,0.007044727229878112,0.006661674930408264,0.0062600813146659745,0.07903971088497064,0.0007846459152121375,4
286,294,language_model.model.layers.38.linear_attn.in_proj_qkv,38,gdn_in_qkv,mid_24_47,52428800,0.004123905215563544,0.0023920736016067954,0.0016114602096503907,0.07865724974753464,0.0025124450059131535,5
287,122,language_model.model.layers.37.mlp.up_proj,37,mlp_up,mid_24_47,89128960,0.007008793129613484,0.003010224176304929,0.0016021488487213127,0.07863654113784661,0.005406644280892171,5
288,123,language_model.model.layers.33.mlp.down_proj,33,mlp_down,mid_24_47,89128960,0.007004376407669259,0.00340124744600043,0.0021516597799786518,0.07858698685218878,0.004852716627690608,5
289,126,language_model.model.layers.8.mlp.gate_proj,8,mlp_gate,earlymid_8_23,89128960,0.0069981140402534895,0.0072028399505930495,0.006000580822565912,0.07851672498202032,0.0009975332176875773,4
290,128,language_model.model.layers.6.mlp.up_proj,6,mlp_up,early_0_7,89128960,0.00697312319678178,0.007392605537732841,0.005628610509378251,0.07823633526949916,0.0013445126874035282,4
291,129,language_model.model.layers.7.mlp.down_proj,7,mlp_down,early_0_7,89128960,0.0069721445342206135,0.007683350821242862,0.006293845551701805,0.07822535497127549,0.0006782989825188084,4
292,296,language_model.model.layers.40.linear_attn.in_proj_qkv,40,gdn_in_qkv,mid_24_47,52428800,0.004095484153693368,0.0020723702621024184,0.001265642352866134,0.07811516101252304,0.002829841800827234,5
293,132,language_model.model.layers.6.mlp.down_proj,6,mlp_down,early_0_7,89128960,0.006948460945546794,0.00579856230865177,0.006086187293177901,0.07795963226258665,0.0008622736523688926,5
294,135,language_model.model.layers.41.mlp.gate_proj,41,mlp_gate,mid_24_47,89128960,0.006915224122913874,0.00258362303755538,0.00110502532811891,0.07758672515548116,0.005810198794794963,5
295,138,language_model.model.layers.39.mlp.up_proj,39,mlp_up,mid_24_47,89128960,0.006857173176570934,0.002683280461334012,0.0013533600144706834,0.07693541107818307,0.005503813162100251,5
296,139,language_model.model.layers.15.mlp.down_proj,15,mlp_down,earlymid_8_23,89128960,0.006855718356664918,0.0058942903189419475,0.005425341283327399,0.07691908843842583,0.0014303770733375193,5
297,352,language_model.model.layers.46.linear_attn.out_proj,46,gdn_out,mid_24_47,31457280,0.002414032130992151,0.001109473224826602,0.0006558451109345126,0.07674001474355543,0.0017581870200576385,5
298,141,language_model.model.layers.40.mlp.down_proj,40,mlp_down,mid_24_47,89128960,0.006838421578607661,0.00256171713299952,0.0012316654922584864,0.0767250238150166,0.005606756086349174,5
299,142,language_model.model.layers.30.mlp.up_proj,30,mlp_up,mid_24_47,89128960,0.006824864605406939,0.0040555512119925564,0.003076380175740785,0.07657291867207852,0.003748484429666154,5
300,143,language_model.model.layers.28.mlp.up_proj,28,mlp_up,mid_24_47,89128960,0.006821393084872181,0.004061016221330918,0.0032530232324393523,0.07653396926063293,0.0035683698524328284,5
301,299,language_model.model.layers.41.linear_attn.in_proj_qkv,41,gdn_in_qkv,mid_24_47,52428800,0.004007286516603764,0.0017982337533916806,0.0012189426766482613,0.07643292458732155,0.0027883438399555023,5
302,145,language_model.model.layers.1.mlp.down_proj,1,mlp_down,early_0_7,89128960,0.006771036888535287,0.0062532592886266536,0.008847094816416363,0.07596898795335756,-0.002076057927881076,4
303,353,language_model.model.layers.44.linear_attn.in_proj_z,44,gdn_in_z,mid_24_47,31457280,0.002383488152217843,0.0012268663389232955,0.0008020741536426219,0.07576904780762492,0.001581413998575221,5
304,146,language_model.model.layers.32.mlp.down_proj,32,mlp_down,mid_24_47,89128960,0.006744898642402893,0.003549357448529049,0.002420218938999851,0.07567572472968262,0.004324679703403042,5
305,148,language_model.model.layers.33.mlp.gate_proj,33,mlp_gate,mid_24_47,89128960,0.006734433854971804,0.0036252783349699537,0.0022743577561115343,0.0755583129767452,0.004460076098860269,5
306,149,language_model.model.layers.12.mlp.gate_proj,12,mlp_gate,earlymid_8_23,89128960,0.0067241283011129265,0.0069623866627590535,0.005431083506216476,0.075442687776374,0.0012930447948964509,4
307,150,language_model.model.layers.8.mlp.up_proj,8,mlp_up,earlymid_8_23,89128960,0.00671830220380798,0.006192460783223844,0.006880930154028335,0.07537732072502563,-0.00016262795022035492,4
308,471,language_model.model.layers.55.self_attn.k_proj,55,full_attn_k,latemid_48_55,5242880,0.0003944557698125562,0.00031686148968083894,0.0002736477573348362,0.07523646732569812,0.00012080801247772,5
309,153,language_model.model.layers.16.mlp.gate_proj,16,mlp_gate,earlymid_8_23,89128960,0.006651767667681813,0.005608503738897783,0.004505180365426827,0.07463082333376057,0.002146587302254986,5
310,156,language_model.model.layers.4.mlp.down_proj,4,mlp_down,early_0_7,89128960,0.006594091595616192,0.007072550114530917,0.006549456607030857,0.073983715232582,4.463498858533425e-05,4
311,157,language_model.model.layers.22.mlp.up_proj,22,mlp_up,earlymid_8_23,89128960,0.006588496964984337,0.004104594694391422,0.004280871752503592,0.07392094516736578,0.0023076252124807455,5
312,160,language_model.model.layers.31.mlp.gate_proj,31,mlp_gate,mid_24_47,89128960,0.006564794678619799,0.003630441151960725,0.002595414975510368,0.07365501267623677,0.00396937970310943,5
313,161,language_model.model.layers.25.mlp.up_proj,25,mlp_up,mid_24_47,89128960,0.006552976576755616,0.004834635493366409,0.003041320347918698,0.07352241714427742,0.003511656228836918,5
314,163,language_model.model.layers.9.mlp.down_proj,9,mlp_down,earlymid_8_23,89128960,0.0065264723336657705,0.006779648928725814,0.0063768297704475336,0.07322504754532949,0.00014964256321823698,4
315,168,language_model.model.layers.23.mlp.up_proj,23,mlp_up,earlymid_8_23,89128960,0.006470632969372238,0.0041818579088952115,0.004389460454651488,0.07259854675037428,0.0020811725147207505,5
316,170,language_model.model.layers.30.mlp.down_proj,30,mlp_down,mid_24_47,89128960,0.0064330216546702795,0.003394798199088424,0.002880910339369091,0.07217655916405039,0.0035521113153011885,5
317,171,language_model.model.layers.41.mlp.down_proj,41,mlp_down,mid_24_47,89128960,0.006396256842686961,0.002418588971047586,0.0011244873138780552,0.07176406908245044,0.005271769528808906,5
318,172,language_model.model.layers.20.mlp.up_proj,20,mlp_up,earlymid_8_23,89128960,0.0063794126939167506,0.004541454401037503,0.003980224547471587,0.07157508282287543,0.0023991881464451633,5
319,176,language_model.model.layers.15.mlp.gate_proj,15,mlp_gate,earlymid_8_23,89128960,0.00635103286772188,0.005524470821612014,0.005366542698457532,0.07125666974821518,0.0009844901692643484,5
320,177,language_model.model.layers.17.mlp.up_proj,17,mlp_up,earlymid_8_23,89128960,0.006350519188155017,0.00508326785890872,0.004853809240870108,0.07125090641868836,0.001496709947284909,5
321,178,language_model.model.layers.40.mlp.up_proj,40,mlp_up,mid_24_47,89128960,0.006336603717663006,0.0025313619272079695,0.0011722568235552953,0.07109477904446553,0.005164346894107711,5
322,179,language_model.model.layers.1.mlp.up_proj,1,mlp_up,early_0_7,89128960,0.0063280145244137736,0.006470385017551121,0.007215719988896275,0.07099841089151915,-0.0008877054644825019,4
323,180,language_model.model.layers.29.mlp.up_proj,29,mlp_up,mid_24_47,89128960,0.006320325871008629,0.004836389468504992,0.0029438658417185156,0.07091214652351636,0.0033764600292901133,5
324,181,language_model.model.layers.25.mlp.gate_proj,25,mlp_gate,mid_24_47,89128960,0.0063011622197105925,0.004155953339155096,0.003944457767734568,0.07069713614643987,0.0023567044519760246,5
325,182,language_model.model.layers.24.mlp.down_proj,24,mlp_down,mid_24_47,89128960,0.006282047471101049,0.004940294841332222,0.003939320212108458,0.07048267444275182,0.0023427272589925906,5
326,183,language_model.model.layers.42.mlp.down_proj,42,mlp_down,mid_24_47,89128960,0.006281171356755267,0.0023197636255645193,0.0009805835534144303,0.0704728447045188,0.005300587803340837,5
327,185,language_model.model.layers.16.mlp.up_proj,16,mlp_up,earlymid_8_23,89128960,0.006258714572290209,0.005256521759890089,0.00541508908308834,0.07022088636836119,0.0008436254892018689,5
328,186,language_model.model.layers.42.mlp.gate_proj,42,mlp_gate,mid_24_47,89128960,0.006257158642962276,0.0022698541976765158,0.0010096311881754255,0.07020342931144127,0.005247527454786851,5
329,187,language_model.model.layers.41.mlp.up_proj,41,mlp_up,mid_24_47,89128960,0.006252498058393709,0.002342156995172133,0.0011423992248488339,0.07015113896082384,0.005110098833544875,5
330,357,language_model.model.layers.45.linear_attn.out_proj,45,gdn_out,mid_24_47,31457280,0.002201800647499248,0.0011020588577566877,0.0007296391042147471,0.06999335757888947,0.001472161543284501,5
331,190,language_model.model.layers.29.mlp.down_proj,29,mlp_down,mid_24_47,89128960,0.006227601888596511,0.004354210292882244,0.002947715590638456,0.0698718114583241,0.0032798862979580546,5
332,191,language_model.model.layers.16.mlp.down_proj,16,mlp_down,earlymid_8_23,89128960,0.0062249429387547794,0.00549227643889243,0.004632472287370031,0.06984197884452797,0.0015924706513847486,5
333,192,language_model.model.layers.30.mlp.gate_proj,30,mlp_gate,mid_24_47,89128960,0.0062227198882758225,0.004480409508687444,0.002934411136388306,0.06981703688987084,0.0032883087518875164,5
334,193,language_model.model.layers.10.mlp.up_proj,10,mlp_up,earlymid_8_23,89128960,0.006218670642588969,0.005934609024639505,0.00601284289923705,0.06977160557678412,0.00020582774335191865,4
335,196,language_model.model.layers.10.mlp.gate_proj,10,mlp_gate,earlymid_8_23,89128960,0.006198375332064982,0.005613071465197562,0.006630977092496704,0.06954389832513454,-0.0004326017604317214,4
336,197,language_model.model.layers.17.mlp.gate_proj,17,mlp_gate,earlymid_8_23,89128960,0.006183511662251774,0.005717837342943774,0.0051143170623699505,0.06937713244103572,0.0010691945998818238,4
337,198,language_model.model.layers.27.mlp.gate_proj,27,mlp_gate,mid_24_47,89128960,0.006159463664516807,0.003855016615516298,0.00313726396264279,0.0691073211727906,0.0030221997018740165,5
338,199,language_model.model.layers.32.mlp.gate_proj,32,mlp_gate,mid_24_47,89128960,0.0061586720994048156,0.0037662769644347424,0.002412845571516707,0.06909844005141333,0.0037458265278881085,5
339,200,language_model.model.layers.21.mlp.down_proj,21,mlp_down,earlymid_8_23,89128960,0.0061514529906936104,0.005223894297187008,0.004874338009942031,0.06901744383299896,0.001277114980751579,5
340,202,language_model.model.layers.19.mlp.down_proj,19,mlp_down,earlymid_8_23,89128960,0.0061477435033407005,0.004336311143289542,0.003791175203644601,0.06897582450575773,0.0023565682996960994,5
341,205,language_model.model.layers.7.mlp.gate_proj,7,mlp_gate,early_0_7,89128960,0.00613422959403538,0.0069874937621331006,0.006409681608914328,0.06882420252671388,-0.0002754520148789486,4
342,208,language_model.model.layers.9.mlp.up_proj,9,mlp_up,earlymid_8_23,89128960,0.006097010451276898,0.0066002246768669046,0.005348451716179,0.06840661499109715,0.0007485587350978973,4
343,209,language_model.model.layers.11.mlp.gate_proj,11,mlp_gate,earlymid_8_23,89128960,0.00609466505763399,0.0060322800083885166,0.0056287866183938875,0.06838030038310769,0.00046587843924010205,4
344,210,language_model.model.layers.13.mlp.up_proj,13,mlp_up,earlymid_8_23,89128960,0.006080162280096686,0.006329928474403473,0.0063167987263208925,0.06821758360129734,-0.00023663644622420616,4
345,212,language_model.model.layers.31.mlp.up_proj,31,mlp_up,mid_24_47,89128960,0.006061061112985098,0.003806624752677866,0.002604852761198426,0.06800327427791257,0.0034562083517866724,5
346,214,language_model.model.layers.14.mlp.down_proj,14,mlp_down,earlymid_8_23,89128960,0.006048285589143356,0.005943549101053279,0.005672249014953276,0.06785993676065957,0.00037603657419007976,4
347,215,language_model.model.layers.18.mlp.up_proj,18,mlp_up,earlymid_8_23,89128960,0.0060223497366949695,0.004993836540092867,0.004720669683484263,0.06756894433296394,0.0013016800532107062,5
348,477,language_model.model.layers.59.self_attn.k_proj,59,full_attn_k,late_56_63,5242880,0.0003515135161509154,0.0002474044919849735,0.00020995582338794372,0.06704588244455631,0.00014155769276297166,5
349,219,language_model.model.layers.25.mlp.down_proj,25,mlp_down,mid_24_47,89128960,0.005972122773745292,0.0047082936075436115,0.003920901771556628,0.06700541298524398,0.002051221002188664,5
350,220,language_model.model.layers.31.mlp.down_proj,31,mlp_down,mid_24_47,89128960,0.005968637580491616,0.0033938471849489986,0.0023725424615628045,0.06696631017002348,0.003596095118928812,5
351,221,language_model.model.layers.17.mlp.down_proj,17,mlp_down,earlymid_8_23,89128960,0.005957412079529169,0.004624180073081863,0.003678713779012089,0.06684036344112138,0.0022786983005170804,5
352,223,language_model.model.layers.43.mlp.gate_proj,43,mlp_gate,mid_24_47,89128960,0.005947057231166053,0.0021285207061628713,0.0008758123708435389,0.06672418517130743,0.005071244860322514,5
353,224,language_model.model.layers.15.mlp.up_proj,15,mlp_up,earlymid_8_23,89128960,0.005931234297363449,0.0060990285749526335,0.004791768734497991,0.06654665663509873,0.0011394655628654575,4
354,225,language_model.model.layers.13.mlp.down_proj,13,mlp_down,earlymid_8_23,89128960,0.005918567791692356,0.007148759544057313,0.005750199923649736,0.0664045422687795,0.00016836786804262042,4
355,226,language_model.model.layers.20.mlp.down_proj,20,mlp_down,earlymid_8_23,89128960,0.005915770743089144,0.005151659758924854,0.0036873387332672057,0.06637316022860745,0.002228432009821938,5
356,228,language_model.model.layers.19.mlp.gate_proj,19,mlp_gate,earlymid_8_23,89128960,0.005871612173565941,0.0047793465322439575,0.003948360826835773,0.06587771442150724,0.001923251346730168,5
357,230,language_model.model.layers.26.mlp.down_proj,26,mlp_down,mid_24_47,89128960,0.005851180801331413,0.004647098510976144,0.002916340722264583,0.06564848059857777,0.0029348400790668297,5
358,232,language_model.model.layers.24.mlp.up_proj,24,mlp_up,mid_24_47,89128960,0.005805426060896256,0.004804739485965667,0.004007359512485633,0.0651351262361443,0.0017980665484106225,5
359,235,language_model.model.layers.26.mlp.gate_proj,26,mlp_gate,mid_24_47,89128960,0.0056861356585356055,0.004783036703992732,0.003661030302920601,0.06379672396643701,0.0020251053556150046,5
360,236,language_model.model.layers.14.mlp.gate_proj,14,mlp_gate,earlymid_8_23,89128960,0.005680702256174314,0.004717755535836401,0.006362585031814915,0.06373576283369978,-0.0006818827756406012,5
361,238,language_model.model.layers.26.mlp.up_proj,26,mlp_up,mid_24_47,89128960,0.00566607536556922,0.004555632453455256,0.003674090197683423,0.06357165354077082,0.001991985167885797,5
362,239,language_model.model.layers.27.mlp.down_proj,27,mlp_down,mid_24_47,89128960,0.0056579131830688705,0.003517943754559383,0.0033386786224636764,0.06348007631940136,0.002319234560605194,5
363,240,language_model.model.layers.42.mlp.up_proj,42,mlp_up,mid_24_47,89128960,0.0056543020675316755,0.0021363115639672545,0.0010465383315728214,0.06343956069420843,0.004607763735958854,5
364,241,language_model.model.layers.19.mlp.up_proj,19,mlp_up,earlymid_8_23,89128960,0.0056253681256898,0.004826507142331423,0.004101886614460373,0.06311493060942033,0.001523481511229427,5
365,242,language_model.model.layers.18.mlp.gate_proj,18,mlp_gate,earlymid_8_23,89128960,0.005606342526673993,0.005237610472466991,0.005764120862403982,0.06290146913723657,-0.00015777833572998886,4
366,243,language_model.model.layers.29.mlp.gate_proj,29,mlp_gate,mid_24_47,89128960,0.005600720032165174,0.004246723946964077,0.0026703303155954927,0.06283838644774016,0.0029303897165696815,5
367,250,language_model.model.layers.13.mlp.gate_proj,13,mlp_gate,earlymid_8_23,89128960,0.005531960221723334,0.0056961071128008274,0.00552804898835524,0.06206692215104198,3.911233368093618e-06,4
368,328,language_model.model.layers.42.linear_attn.in_proj_qkv,42,gdn_in_qkv,mid_24_47,52428800,0.0032258534439319896,0.001681259942958618,0.00106051041325033,0.06152827155937175,0.0021653430306816596,5
369,251,language_model.model.layers.18.mlp.down_proj,18,mlp_down,earlymid_8_23,89128960,0.005476620812368676,0.005105963529134516,0.003998425363479599,0.06144603069943458,0.0014781954488890777,4
370,252,language_model.model.layers.27.mlp.up_proj,27,mlp_up,mid_24_47,89128960,0.005471419344948076,0.004052698729931613,0.0032897757691220005,0.06138767180665046,0.0021816435758260757,5
371,254,language_model.model.layers.12.mlp.down_proj,12,mlp_down,earlymid_8_23,89128960,0.005449577366738622,0.006230611047002056,0.005354812884583388,0.06114261141091091,9.476448215523393e-05,4
372,255,language_model.model.layers.22.mlp.gate_proj,22,mlp_gate,earlymid_8_23,89128960,0.005446765491471334,0.0049502653134517625,0.003893205606284788,0.06111106302004797,0.0015535598851865464,4
373,256,language_model.model.layers.22.mlp.down_proj,22,mlp_down,earlymid_8_23,89128960,0.005439009954423101,0.004153188277181905,0.003965677168314109,0.0610240482377793,0.001473332786108992,5
374,329,language_model.model.layers.44.linear_attn.in_proj_qkv,44,gdn_in_qkv,mid_24_47,52428800,0.0031855375255777766,0.0014570625998434235,0.0008021261898797256,0.060759306441836865,0.002383411335698051,5
375,257,language_model.model.layers.24.mlp.gate_proj,24,mlp_gate,mid_24_47,89128960,0.005393005595212358,0.004561049089621085,0.003996327545697133,0.06050789322810855,0.0013966780495152245,5
376,258,language_model.model.layers.28.mlp.down_proj,28,mlp_down,mid_24_47,89128960,0.005365026004459542,0.004230379232738876,0.003402963722665071,0.06019397067417305,0.001962062281794471,5
377,364,language_model.model.layers.46.linear_attn.in_proj_z,46,gdn_in_z,mid_24_47,31457280,0.0018922741626521378,0.0010329271906052036,0.0006521654613064116,0.06015377561734956,0.0012401087013457263,5
378,261,language_model.model.layers.43.mlp.down_proj,43,mlp_down,mid_24_47,89128960,0.005276191353914328,0.001993654778621632,0.0008751283783757531,0.05919727273732722,0.004401062975538575,5
379,263,language_model.model.layers.23.mlp.gate_proj,23,mlp_gate,earlymid_8_23,89128960,0.005193181699072358,0.004062759115729037,0.0038928345172429706,0.05826592949219152,0.0013003471818293874,5
380,264,language_model.model.layers.43.mlp.up_proj,43,mlp_up,mid_24_47,89128960,0.00518435712099256,0.0019600958579242466,0.0008743119859588402,0.05816692039257006,0.0043100451350337205,5
381,367,language_model.model.layers.45.linear_attn.in_proj_z,45,gdn_in_z,mid_24_47,31457280,0.0018180530994379922,0.0010290137729294766,0.0007404404941689112,0.05779435155989305,0.0010776126052690809,5
382,484,language_model.model.layers.63.self_attn.k_proj,63,full_attn_k,late_56_63,5242880,0.00030117201323033685,0.00018171646520182658,0.00010906214751529076,0.057444002767627116,0.00019210986571504608,5
383,265,language_model.model.layers.44.mlp.gate_proj,44,mlp_gate,mid_24_47,89128960,0.005116839321510894,0.0019076509446161105,0.0007913942511129165,0.05740939108355909,0.004325445070397977,5
384,267,language_model.model.layers.21.mlp.up_proj,21,mlp_up,earlymid_8_23,89128960,0.005100058071548119,0.0043589028535469835,0.004140699645000468,0.05722111052959801,0.0009593584265476509,5
385,269,language_model.model.layers.20.mlp.gate_proj,20,mlp_gate,earlymid_8_23,89128960,0.005083360554608725,0.00430984229024034,0.004410513897588018,0.057033769434858494,0.0006728466570207065,5
386,336,language_model.model.layers.45.linear_attn.in_proj_qkv,45,gdn_in_qkv,mid_24_47,52428800,0.0028777531215246877,0.0013325355711146327,0.0007397093440479002,0.05488878481912018,0.0021380437774767874,5
387,337,language_model.model.layers.49.linear_attn.in_proj_qkv,49,gdn_in_qkv,latemid_48_55,52428800,0.0028730114731232207,0.0011245442030702912,0.00048502400207312414,0.054798345053162015,0.0023879874710500968,5
388,274,language_model.model.layers.44.mlp.down_proj,44,mlp_down,mid_24_47,89128960,0.004879963857038363,0.0018800988513411633,0.0007817665594560441,0.054751719946450214,0.0040981972975823195,5
389,275,language_model.model.layers.23.mlp.down_proj,23,mlp_down,earlymid_8_23,89128960,0.004854982701232726,0.004287585657812766,0.0037870343260679035,0.05447143892661517,0.0010679483751648228,4
390,370,language_model.model.layers.49.linear_attn.out_proj,49,gdn_out,latemid_48_55,31457280,0.0017122841033339153,0.0007907121475706043,0.0004859206181127272,0.05443204572467535,0.0012263634852211882,5
391,322,language_model.model.layers.39.self_attn.q_proj,39,full_attn_q,mid_24_47,62914560,0.0034152335752715675,0.002184897774692326,0.0014623645119674837,0.05428367575441309,0.0019528690633040839,5
392,341,language_model.model.layers.46.linear_attn.in_proj_qkv,46,gdn_in_qkv,mid_24_47,52428800,0.0028137870536032897,0.0012550584769046712,0.0006813023397056108,0.05366872889715747,0.002132484713897679,5
393,278,language_model.model.layers.45.mlp.gate_proj,45,mlp_gate,mid_24_47,89128960,0.004722235591733765,0.0016969941432002252,0.0007159607933439773,0.052982056468893673,0.004006274798389788,5
394,280,language_model.model.layers.21.mlp.gate_proj,21,mlp_gate,earlymid_8_23,89128960,0.004680674040730028,0.004532095295926139,0.003997650444021087,0.05251574842486694,0.0006830235967089406,4
395,376,language_model.model.layers.50.linear_attn.out_proj,50,gdn_out,latemid_48_55,31457280,0.0016098378709197712,0.0007175835137908805,0.0004211985523492765,0.05117536770247686,0.0011886393185704947,5
396,377,language_model.model.layers.47.self_attn.o_proj,47,full_attn_o,mid_24_47,31457280,0.0016082767885849019,0.0008665201766329553,0.0005667017781047095,0.05112574223152485,0.0010415750104801923,5
397,378,language_model.model.layers.48.linear_attn.out_proj,48,gdn_out,latemid_48_55,31457280,0.0015866040402446498,0.0008023831284858648,0.0005111935978091614,0.05043678411625703,0.0010754104424354884,5
398,288,language_model.model.layers.44.mlp.up_proj,44,mlp_up,mid_24_47,89128960,0.004426795376791383,0.0017006767215641606,0.0007733283355943303,0.049667306527433765,0.0036534670411970524,5
399,348,language_model.model.layers.48.linear_attn.in_proj_qkv,48,gdn_in_qkv,latemid_48_55,52428800,0.002567223702173388,0.0010459428193106718,0.0005424558771461415,0.04896590618464256,0.0020247678250272464,5
400,292,language_model.model.layers.45.mlp.down_proj,45,mlp_down,mid_24_47,89128960,0.004277764984737533,0.0016329548450459642,0.0007169458369199715,0.04799523055960187,0.0035608191478175614,5
401,380,language_model.model.layers.48.linear_attn.in_proj_z,48,gdn_in_z,latemid_48_55,31457280,0.0015046388963576227,0.0007529359644473488,0.0005264465415627876,0.04783118236407034,0.0009781923547948351,5
402,297,language_model.model.layers.45.mlp.up_proj,45,mlp_up,mid_24_47,89128960,0.004052707297968984,0.0015862039164396755,0.0007105004699395122,0.04547015131747284,0.0033422068280294717,5
403,354,language_model.model.layers.50.linear_attn.in_proj_qkv,50,gdn_in_qkv,latemid_48_55,52428800,0.0023553793825931957,0.0008950782583595546,0.0004477165837045898,0.04492529645143883,0.001907662798888606,5
404,301,language_model.model.layers.46.mlp.gate_proj,46,mlp_gate,mid_24_47,89128960,0.003974268710503091,0.001446209018902311,0.0006429532780868016,0.04459009406710334,0.003331315432416289,5
405,343,language_model.model.layers.43.self_attn.q_proj,43,full_attn_q,mid_24_47,62914560,0.002693201531873279,0.0015019555804198052,0.0009837398772934145,0.042807285497558585,0.0017094616545798645,5
406,307,language_model.model.layers.46.mlp.down_proj,46,mlp_down,mid_24_47,89128960,0.0037051904468741546,0.0013392085342845226,0.0006345273716611537,0.04157111725385503,0.0030706630752130007,5
407,311,language_model.model.layers.47.mlp.gate_proj,47,mlp_gate,mid_24_47,89128960,0.003634582467832422,0.0012753544811423478,0.0005633422534534041,0.04077891706390855,0.003071240214379018,5
408,316,language_model.model.layers.47.mlp.up_proj,47,mlp_up,mid_24_47,89128960,0.0035610355800816985,0.0012869723886164573,0.0005615041808419819,0.03995374320626762,0.0029995313992397165,5
409,321,language_model.model.layers.46.mlp.up_proj,46,mlp_up,mid_24_47,89128960,0.003421819774275854,0.001387505639829228,0.0006517624022498199,0.038391783930563694,0.002770057372026034,5
410,327,language_model.model.layers.47.mlp.down_proj,47,mlp_down,mid_24_47,89128960,0.0032533910670647843,0.0012708487545805567,0.0005654038532564083,0.03650206472806128,0.002687987213808376,5
411,395,language_model.model.layers.51.self_attn.o_proj,51,full_attn_o,latemid_48_55,31457280,0.0011124531994747527,0.0005520701971132684,0.00036795300710859444,0.03536393481810102,0.0007445001923661583,5
412,398,language_model.model.layers.49.linear_attn.in_proj_z,49,gdn_in_z,latemid_48_55,31457280,0.0010562267976746992,0.000638107378027096,0.00047063938641326447,0.033576545641412714,0.0005855874112614348,5
413,332,language_model.model.layers.48.mlp.gate_proj,48,mlp_gate,latemid_48_55,89128960,0.0029713230141535847,0.0011478075001791898,0.000513537980854136,0.03333734640405975,0.002457785033299449,5
414,338,language_model.model.layers.48.mlp.up_proj,48,mlp_up,latemid_48_55,89128960,0.0028600390130000663,0.0011095965440548372,0.0005161223781934536,0.03208877353668287,0.002343916634806613,5
415,399,language_model.model.layers.50.linear_attn.in_proj_z,50,gdn_in_z,latemid_48_55,31457280,0.0010019187459725635,0.0005776736546054121,0.000415714645068467,0.031850139171999726,0.0005862041009040966,5
416,339,language_model.model.layers.48.mlp.down_proj,48,mlp_down,latemid_48_55,89128960,0.0028342343836418116,0.001051860492469729,0.0004994689333582742,0.03179925339240817,0.0023347654502835374,5
417,349,language_model.model.layers.49.mlp.gate_proj,49,mlp_gate,latemid_48_55,89128960,0.0025656513082221457,0.0009575890346322514,0.00046346363817418077,0.028785832441241836,0.0021021876700479647,5
418,351,language_model.model.layers.49.mlp.down_proj,49,mlp_down,latemid_48_55,89128960,0.002484451028203015,0.0009471687470665271,0.0004690413173451436,0.02787478983489783,0.0020154097108578714,5
419,369,language_model.model.layers.47.self_attn.q_proj,47,full_attn_q,mid_24_47,62914560,0.001713001298059626,0.0008585894757919987,0.0006056860041085269,0.027227422365500548,0.0011073152939510991,5
420,412,language_model.model.layers.52.linear_attn.out_proj,52,gdn_out,latemid_48_55,31457280,0.0008388304448279956,0.0004921460382157325,0.00034025115757631557,0.02666570170173631,0.00049857928725168,5
421,355,language_model.model.layers.50.mlp.down_proj,50,mlp_down,latemid_48_55,89128960,0.002314449496238854,0.0008867773390939779,0.00041739936851124874,0.02596742401391034,0.0018970501277276051,5
422,356,language_model.model.layers.49.mlp.up_proj,49,mlp_up,latemid_48_55,89128960,0.0023000445525307874,0.0009553219410443136,0.00045730591075731193,0.025805804898102566,0.0018427386417734755,5
423,358,language_model.model.layers.50.mlp.up_proj,50,mlp_up,latemid_48_55,89128960,0.0021727399298062883,0.0008263400312315033,0.00042027491763835327,0.024377485497489127,0.001752465012167935,5
424,419,language_model.model.layers.53.linear_attn.out_proj,53,gdn_out,latemid_48_55,31457280,0.0007486835225492215,0.00044175886801867955,0.00032387311816208566,0.023800008219058404,0.0004248104043871359,5
425,360,language_model.model.layers.51.mlp.down_proj,51,mlp_down,latemid_48_55,89128960,0.0020302733877298434,0.0007647532417392011,0.0003694412175786626,0.02277905394307129,0.0016608321701511808,5
426,424,language_model.model.layers.52.linear_attn.in_proj_z,52,gdn_in_z,latemid_48_55,31457280,0.0007161855039103373,0.00045873048005507454,0.00035436566015132075,0.022766924028725224,0.0003618198437590166,5
427,426,language_model.model.layers.53.linear_attn.in_proj_z,53,gdn_in_z,latemid_48_55,31457280,0.0007067664710799608,0.00042177155964013966,0.00031711452555019105,0.02246750103886798,0.00038965194552976974,5
428,365,language_model.model.layers.50.mlp.gate_proj,50,mlp_gate,latemid_48_55,89128960,0.0018712624587351456,0.0008181818105443728,0.00041521968643194924,0.020994999366481398,0.0014560427723031965,5
429,368,language_model.model.layers.51.mlp.up_proj,51,mlp_up,latemid_48_55,89128960,0.0017843908650293223,0.0007345014496762028,0.00036806801741042714,0.020020326334216427,0.0014163228476188952,5
430,432,language_model.model.layers.54.linear_attn.out_proj,54,gdn_out,latemid_48_55,31457280,0.0005998680960567696,0.00037983311815864974,0.0002942127419970999,0.019069293214695283,0.00030565535405966966,5
431,372,language_model.model.layers.51.mlp.gate_proj,51,mlp_gate,latemid_48_55,89128960,0.001685882728492994,0.0006923407291013525,0.0003709458863734504,0.018915094807490117,0.0013149368421195436,5
432,374,language_model.model.layers.52.mlp.down_proj,52,mlp_down,latemid_48_55,89128960,0.0016215886410721925,0.0006550056282118129,0.000335835611079333,0.01819373457372545,0.0012857530299928595,5
433,435,language_model.model.layers.54.linear_attn.in_proj_z,54,gdn_in_z,latemid_48_55,31457280,0.0005660074668086773,0.0003720502824776236,0.00029834404235024617,0.017992892799653288,0.00026766342445843115,4
434,404,language_model.model.layers.52.linear_attn.in_proj_qkv,52,gdn_in_qkv,latemid_48_55,52428800,0.0008983638663402647,0.0005239296054907157,0.00035137380234403674,0.017134930922322555,0.000546990063996228,5
435,441,language_model.model.layers.62.linear_attn.out_proj,62,gdn_out,late_56_63,31457280,0.0005363066912691262,0.0002765735872385245,0.0001508447758848223,0.017048730572672723,0.0003854619153843039,5
436,442,language_model.model.layers.55.self_attn.o_proj,55,full_attn_o,latemid_48_55,31457280,0.0005344316413723378,0.00034495573551672053,0.0002679428286153698,0.016989124341721146,0.00026648881275696796,5
437,443,language_model.model.layers.56.linear_attn.out_proj,56,gdn_out,late_56_63,31457280,0.0005343261293444866,0.0003348593608782029,0.00025805776201209417,0.016985770204686695,0.00027626836733239245,5
438,448,language_model.model.layers.56.linear_attn.in_proj_z,56,gdn_in_z,late_56_63,31457280,0.000508583037538016,0.00033362940824312615,0.0002507186351854827,0.01616741935532939,0.00025786440235253335,4
439,381,language_model.model.layers.52.mlp.gate_proj,52,mlp_gate,latemid_48_55,89128960,0.0014281289208047925,0.0006006857660015239,0.00034785209616312564,0.016023174968100073,0.0010802768246416668,5
440,450,language_model.model.layers.59.self_attn.o_proj,59,full_attn_o,late_56_63,31457280,0.0005025009937634789,0.0002924861876622412,0.00020242849425256335,0.0159740763906949,0.0003000724995109155,5
441,400,language_model.model.layers.51.self_attn.q_proj,51,full_attn_q,latemid_48_55,62914560,0.000992062967379209,0.0005583995117010103,0.00039724527889473446,0.015768416204122053,0.0005948176884844746,4
442,382,language_model.model.layers.52.mlp.up_proj,52,mlp_up,latemid_48_55,89128960,0.0013976401105130424,0.000637823482215189,0.00033956756398304184,0.01568109972912331,0.0010580725465300007,5
443,384,language_model.model.layers.53.mlp.down_proj,53,mlp_down,latemid_48_55,89128960,0.001342653826186642,0.0005773123831109408,0.00031165721482656367,0.015064170233632728,0.0010309966113600782,5
444,415,language_model.model.layers.62.linear_attn.in_proj_qkv,62,gdn_in_qkv,late_56_63,52428800,0.0007892496588052626,0.0003427000796255558,0.00016992882174507492,0.015053742576699499,0.0006193208370601877,5
445,457,language_model.model.layers.60.linear_attn.out_proj,60,gdn_out,late_56_63,31457280,0.00045801046052026744,0.0002736157725509534,0.00018847835925233953,0.014559760428119262,0.0002695321012679279,5
446,458,language_model.model.layers.57.linear_attn.out_proj,57,gdn_out,late_56_63,31457280,0.0004554816448727428,0.000294678555645132,0.0002379657224136919,0.014479371543653578,0.0002175159224590509,5
447,460,language_model.model.layers.57.linear_attn.in_proj_z,57,gdn_in_z,late_56_63,31457280,0.00045202928247736464,0.00029816287502371915,0.00023635760155582883,0.014369623898740282,0.0002156716809215358,4
448,386,language_model.model.layers.53.mlp.up_proj,53,mlp_up,latemid_48_55,89128960,0.00125673923114968,0.0005476993634391562,0.0003156090255586931,0.014100234437265732,0.0009411302055909868,5
449,388,language_model.model.layers.53.mlp.gate_proj,53,mlp_gate,latemid_48_55,89128960,0.0012458724042734325,0.0005579971679687889,0.00031740720637504067,0.013978311923233847,0.0009284651978983919,5
450,422,language_model.model.layers.53.linear_attn.in_proj_qkv,53,gdn_in_qkv,latemid_48_55,52428800,0.0007302979864840354,0.0004447913781215034,0.0003223715112422968,0.013929328660660465,0.00040792647524173856,5
451,390,language_model.model.layers.54.mlp.down_proj,54,mlp_down,latemid_48_55,89128960,0.0012062957559003315,0.0005420639737615181,0.00029403330417655744,0.013534273886964815,0.0009122624517237741,5
452,427,language_model.model.layers.54.linear_attn.in_proj_qkv,54,gdn_in_qkv,latemid_48_55,52428800,0.0006906036711072049,0.0003942104135535713,0.00030061456552053344,0.013172219679016207,0.00038998910558667144,5
453,468,language_model.model.layers.58.linear_attn.in_proj_z,58,gdn_in_z,late_56_63,31457280,0.00040840593891204406,0.00028014979099354415,0.00022633070786007498,0.012982875153606546,0.00018207523105196908,5
454,470,language_model.model.layers.58.linear_attn.out_proj,58,gdn_out,late_56_63,31457280,0.0003964477574883668,0.0002765926832607739,0.00022326415040227932,0.012602734803783634,0.0001731836070860875,4
455,394,language_model.model.layers.54.mlp.gate_proj,54,mlp_gate,latemid_48_55,89128960,0.0011145722827093968,0.0004962431498214172,0.0002948637863224956,0.012505164232920443,0.0008197084963869011,4
456,396,language_model.model.layers.54.mlp.up_proj,54,mlp_up,latemid_48_55,89128960,0.0010880938315861372,0.000498713479041115,0.0002894388833656601,0.012208084012044316,0.0007986549482204772,4
457,472,language_model.model.layers.63.self_attn.o_proj,63,full_attn_o,late_56_63,31457280,0.000381964525345143,0.00021785427088616416,9.014564393645972e-05,0.012142325253332234,0.00029181888140868324,4
458,474,language_model.model.layers.62.linear_attn.in_proj_z,62,gdn_in_z,late_56_63,31457280,0.0003640020477721023,0.00023111557680722535,0.0001451506388222507,0.011571313469317827,0.0002188514089498516,4
459,478,language_model.model.layers.60.linear_attn.in_proj_z,60,gdn_in_z,late_56_63,31457280,0.00034362213567086953,0.00023387157559784047,0.00018322538956304761,0.010923453511265741,0.00016039674610782192,4
460,401,language_model.model.layers.55.mlp.down_proj,55,mlp_down,latemid_48_55,89128960,0.0009464323529348111,0.00045274038592339565,0.0002672048412118309,0.01061868502599841,0.0006792275117229803,4
461,402,language_model.model.layers.55.mlp.gate_proj,55,mlp_gate,latemid_48_55,89128960,0.0009347019409117942,0.0004297795636212773,0.00026935170975395605,0.010487073347560594,0.0006653502311578382,4
462,480,language_model.model.layers.61.linear_attn.in_proj_z,61,gdn_in_z,late_56_63,31457280,0.000323470481219632,0.0002217530966831941,0.00016618704374657194,0.01028284966849111,0.00015728343747306003,5
463,481,language_model.model.layers.61.linear_attn.out_proj,61,gdn_out,late_56_63,31457280,0.00032213724864674594,0.0002261044825913746,0.00016700238131252534,0.010240467346405855,0.0001551348673342206,4
464,403,language_model.model.layers.55.mlp.up_proj,55,mlp_up,latemid_48_55,89128960,0.0009088116300938679,0.0004285761010103317,0.00026922786437624845,0.010196591883197874,0.0006395837657176194,4
465,445,language_model.model.layers.56.linear_attn.in_proj_qkv,56,gdn_in_qkv,late_56_63,52428800,0.0005207076549717684,0.00033368218814825584,0.0002554527711064152,0.009931710338054053,0.00026525488386535317,5
466,405,language_model.model.layers.56.mlp.gate_proj,56,mlp_gate,late_56_63,89128960,0.0008783129483909666,0.0004199784081394492,0.0002518309084911407,0.009854405889970741,0.0006264820398998259,4
467,447,language_model.model.layers.60.linear_attn.in_proj_qkv,60,gdn_in_qkv,late_56_63,52428800,0.00051187329040319,0.0002884900067288276,0.0001915613288813924,0.009763208206237604,0.0003203119615217976,5
468,408,language_model.model.layers.58.mlp.gate_proj,58,mlp_gate,late_56_63,89128960,0.0008446166273154346,0.0003819671254683244,0.00022247653027106798,0.009476343349181172,0.0006221400970443667,4
469,409,language_model.model.layers.57.mlp.gate_proj,57,mlp_gate,late_56_63,89128960,0.0008431197280488185,0.0003979189606790028,0.0002383177460574392,0.009459548591712712,0.0006048019819913794,4
470,410,language_model.model.layers.56.mlp.up_proj,56,mlp_up,late_56_63,89128960,0.0008410221980467661,0.000402148511871494,0.00025233073925005217,0.009436014938879194,0.000588691458796714,4
471,411,language_model.model.layers.56.mlp.down_proj,56,mlp_down,late_56_63,89128960,0.0008400012202536576,0.00040452510384328443,0.0002469257560190258,0.009424559876539092,0.0005930754642346318,4
472,451,language_model.model.layers.57.linear_attn.in_proj_qkv,57,gdn_in_qkv,late_56_63,52428800,0.00047828405035604067,0.00030237539982381486,0.0002410965738166471,0.009122544295426192,0.00023718747653939356,5
473,416,language_model.model.layers.58.mlp.up_proj,58,mlp_up,late_56_63,89128960,0.0007881331651726973,0.0003617602472589699,0.00022507039721492234,0.008842615970978428,0.000563062767957775,4
474,417,language_model.model.layers.57.mlp.up_proj,57,mlp_up,late_56_63,89128960,0.0007681833480662013,0.0003837531868198108,0.00023650726800395258,0.008618785051078812,0.0005316760800622487,4
475,464,language_model.model.layers.58.linear_attn.in_proj_qkv,58,gdn_in_qkv,late_56_63,52428800,0.0004397250254509915,0.00028227504320857947,0.00022442597379376277,0.008387089261073904,0.00021529905165722872,5
476,420,language_model.model.layers.63.mlp.down_proj,63,mlp_down,late_56_63,89128960,0.0007437519840340116,0.0003011219349860061,6.933270696439406e-05,0.008344672528816802,0.0006744192770696176,4
477,423,language_model.model.layers.57.mlp.down_proj,57,mlp_down,late_56_63,89128960,0.0007251335230635118,0.00037349774552172105,0.00023224949543520726,0.008135779022480593,0.0004928840276283044,4
478,449,language_model.model.layers.55.self_attn.q_proj,55,full_attn_q,latemid_48_55,62914560,0.000504519267628011,0.0003449767592333521,0.0002842728594151228,0.008019117794482089,0.00022024640821288825,4
479,425,language_model.model.layers.58.mlp.down_proj,58,mlp_down,late_56_63,89128960,0.0007074640022587281,0.0003501332291999637,0.0002205134757122011,0.007937532338072028,0.000486950526546527,4
480,429,language_model.model.layers.59.mlp.gate_proj,59,mlp_gate,late_56_63,89128960,0.000664427944019423,0.0003228724777564726,0.00019978023018625413,0.007454680768399216,0.0004646477138331688,4
481,454,language_model.model.layers.59.self_attn.q_proj,59,full_attn_q,late_56_63,62914560,0.00046659856661111673,0.00028816697994810044,0.00021421267810006585,0.0074163844841498815,0.0002523858885110509,5
482,430,language_model.model.layers.63.mlp.up_proj,63,mlp_up,late_56_63,89128960,0.0006229883861734963,0.0002967706458372022,8.202517645584711e-05,0.00698974145074167,0.0005409632097176492,4
483,475,language_model.model.layers.61.linear_attn.in_proj_qkv,61,gdn_in_qkv,late_56_63,52428800,0.00036204940814928,0.00023504118339520003,0.00017287121569206103,0.00690554443644104,0.00018917819245721894,5
484,466,language_model.model.layers.63.self_attn.q_proj,63,full_attn_q,late_56_63,62914560,0.00043097904617481154,0.000246798618324796,0.00012675165624441163,0.006850227454103018,0.00030422738993039994,5
485,431,language_model.model.layers.59.mlp.up_proj,59,mlp_up,late_56_63,89128960,0.0006067713483891784,0.00031980788915108807,0.00019757481565118643,0.006807791186940569,0.000409196532737992,4
486,436,language_model.model.layers.59.mlp.down_proj,59,mlp_down,late_56_63,89128960,0.0005631586440114319,0.0003017176281697284,0.00019501381990918542,0.0063184698218338,0.00036814482410224645,4
487,437,language_model.model.layers.60.mlp.gate_proj,60,mlp_gate,late_56_63,89128960,0.0005521984746351268,0.0002929216886934852,0.00018079513696946705,0.006195500033155631,0.0003714033376656598,4
488,439,language_model.model.layers.63.mlp.gate_proj,63,mlp_gate,late_56_63,89128960,0.0005491731200565292,0.0002429391565444226,7.064502281523414e-05,0.006161556468924682,0.0004785280972412951,4
489,446,language_model.model.layers.61.mlp.gate_proj,61,mlp_gate,late_56_63,89128960,0.0005139041272402087,0.00027563818589238615,0.00016490905963747985,0.0057658490264018425,0.0003489950676027289,4
490,453,language_model.model.layers.62.mlp.gate_proj,62,mlp_gate,late_56_63,89128960,0.0004690914395710092,0.00026087140153620894,0.00013666747278210693,0.005263064211351835,0.0003324239667889023,4
491,456,language_model.model.layers.60.mlp.up_proj,60,mlp_up,late_56_63,89128960,0.00046240660594776273,0.00027286581006144355,0.00018034912152789227,0.005188062397987845,0.0002820574844198705,4
492,461,language_model.model.layers.61.mlp.down_proj,61,mlp_down,late_56_63,89128960,0.00044632504616843173,0.00025274413820258827,0.00016539121910437955,0.005007632156466672,0.00028093382706405215,4
493,462,language_model.model.layers.61.mlp.up_proj,61,mlp_up,late_56_63,89128960,0.000443417738246516,0.00026071227319389163,0.00016444283598380637,0.0049750130400547255,0.0002789749022627096,4
494,463,language_model.model.layers.62.mlp.up_proj,62,mlp_up,late_56_63,89128960,0.00044052648782007286,0.000266907999136506,0.00013416894379683506,0.00494257408389005,0.0003063575440232378,4
495,465,language_model.model.layers.60.mlp.down_proj,60,mlp_down,late_56_63,89128960,0.0004384343914380089,0.00026772953000844026,0.0001800084127584097,0.004919101394630981,0.0002584259786795992,4
496,469,language_model.model.layers.62.mlp.down_proj,62,mlp_down,late_56_63,89128960,0.00040755945508917375,0.00023678174937828513,0.00013014154694192528,0.004572693937965547,0.00027741790814724845,4
497,342,language_model.lm_head,,lm_head,na,1271398400,0.0027491084522386984,0.0008684743509398523,0.00011760652053983076,0.002162271442404441,0.002631501931698868,4
