target	channels	branches	case	median_ms	round_medians_ms
iOS26	2048	32	dense	1.851834	1.849959,1.847959,1.855146,1.851834,1.855104
iOS26	2048	32	int8_dense	1.048938	1.050188,1.048938,1.046750,1.044855,1.049125
iOS26	2048	32	int8_s4	1.035770	1.036437,1.023854,1.041396,1.035770,1.032605
iOS26	2048	32	int8_v2n6	1.056291	1.026105,1.020750,1.056291,1.059458,1.060688
iOS26	2048	32	int8_v2n4	1.038625	1.052229,1.038625,1.036501,1.023771,1.057604
iOS26	2048	32	int8_v4n6	1.065938	1.046479,1.070188,1.065938,1.067229,1.065438
iOS26	2048	32	int8_v4n4	1.071646	1.053396,1.048979,1.073979,1.072458,1.071646
iOS26	2048	32	int8_v8n4	1.036188	1.043229,1.036188,1.034875,1.025167,1.038021
iOS26	2048	32	int8_v16n4	1.051083	1.051083,1.048958,1.043208,1.057146,1.054958
iOS18	2048	32	dense	1.845479	1.851625,1.845479,1.846709,1.842313,1.836354
iOS18	2048	32	int8_v4n4	1.039583	1.045542,1.039583,1.040479,1.039500,1.031541
