channels	case	s8_median_ms	s16_median_ms	delta_ms_per_layer	s8_round_medians_ms	s16_round_medians_ms
4096	dense	1.883355	3.568167	0.210602	1.878021,1.883854,1.883355,1.881854,1.885375	3.568167,3.568042,3.578833,3.561063,3.581208
4096	int8_dense	1.072437	1.945709	0.109159	1.079146,1.072437,1.068875,1.066687,1.073666	1.971833,1.959958,1.945709,1.934605,1.930542
4096	int8_s4	1.073084	1.937042	0.107995	1.113020,1.086708,1.073084,1.069084,1.043375	1.954417,1.978708,1.937042,1.928603,1.924646
4096	int8_v2n6	1.062750	1.939167	0.109552	1.064271,1.062750,1.065708,1.061646,1.041187	1.972500,1.971167,1.939167,1.913375,1.927375
4096	int8_v2n4	1.070375	1.963667	0.111662	1.080229,1.070375,1.064333,1.062917,1.073333	1.967688,1.949458,1.963667,1.964979,1.907354
4096	int8_v4n6	1.088312	1.971834	0.110440	1.090042,1.075125,1.079313,1.089562,1.088312	1.991396,1.960062,1.971834,1.982667,1.968917
4096	int8_v4n4	1.069708	1.957854	0.111018	1.087979,1.066958,1.066688,1.071833,1.069708	1.975313,1.954584,1.949833,1.957854,1.964834
4096	int8_v8n4	1.078187	1.962979	0.110599	1.081604,1.080750,1.078187,1.062063,1.065688	1.978937,1.988979,1.954146,1.943083,1.962979
4096	int8_v16n4	1.166145	2.163334	0.124649	1.184792,1.175645,1.149188,1.166145,1.160791	2.174417,2.159937,2.147375,2.163334,2.165521
4096	fp16_s4	1.062292	1.956230	0.111742	1.139355,1.063167,1.057104,1.057625,1.062292	1.983250,1.956230,1.934875,1.963375,1.937375
4096	fp16_v2n4	1.079146	1.952792	0.109206	1.056271,1.080917,1.080563,1.079146,1.061667	1.925000,1.946333,1.971187,1.952792,1.967792
4096	fp16_v4n4	1.077583	1.966271	0.111086	1.085459,1.078750,1.077583,1.074042,1.073521	1.968166,1.977666,1.966271,1.961270,1.956459
2048	fp16_v2n4	0.391166	0.598459	0.025912	0.396104,0.414459,0.391166,0.368896,0.363770	0.674000,0.703917,0.598459,0.596604,0.590917
2048	int8_v2n4	0.373854	0.589458	0.026951	0.368667,0.373854,0.374291,0.377854,0.366291	0.595792,0.589458,0.592791,0.588688,0.584105
