target	channels	branches	case	conv_device	conv_count	add_device	add_count	cosine
iOS26	2048	32	dense	NeuralEngine	32	NeuralEngine	31	1.00000
iOS26	2048	32	int8_dense	NeuralEngine	32	NeuralEngine	31	1.00000
iOS26	2048	32	int8_s4	NeuralEngine	32	NeuralEngine	31	1.00000
iOS26	2048	32	int8_v2n6	NeuralEngine	32	NeuralEngine	31	1.00000
iOS26	2048	32	int8_v2n4	NeuralEngine	32	NeuralEngine	31	1.00000
iOS26	2048	32	int8_v4n6	NeuralEngine	32	NeuralEngine	31	1.00000
iOS26	2048	32	int8_v4n4	NeuralEngine	32	NeuralEngine	31	1.00000
iOS26	2048	32	int8_v8n4	NeuralEngine	32	NeuralEngine	31	1.00000
iOS26	2048	32	int8_v16n4	NeuralEngine	32	NeuralEngine	31	1.00000
