channels	stack	case	lut_values	conv_device	conv_count	cosine
4096	8	dense	0	NeuralEngine	8	1.00000
4096	8	int8_dense	0	NeuralEngine	8	1.00000
4096	8	int8_s4	16	NeuralEngine	8	1.00000
4096	8	int8_v2n6	128	NeuralEngine	8	1.00000
4096	8	int8_v2n4	32	NeuralEngine	8	1.00000
4096	8	int8_v4n6	256	NeuralEngine	8	1.00000
4096	8	int8_v4n4	64	NeuralEngine	8	1.00000
4096	8	int8_v8n4	128	NeuralEngine	8	1.00000
4096	8	int8_v16n4	256	NeuralEngine	8	1.00000
4096	8	fp16_s4	16	NeuralEngine	8	1.00000
4096	8	fp16_v2n4	32	NeuralEngine	8	1.00000
4096	8	fp16_v4n4	64	NeuralEngine	8	1.00000
4096	8	fp8_dense	0	NeuralEngine	8	1.00000
4096	8	fp8_s4	16	NeuralEngine	8	1.00000
4096	8	fp8_v2n4	32	NeuralEngine	8	1.00000
4096	8	fp8_v4n4	64	NeuralEngine	8	1.00000
4096	8	fp8_v8n4	128	NeuralEngine	8	1.00000
4096	16	dense	0	NeuralEngine	16	1.00000
4096	16	int8_dense	0	NeuralEngine	16	1.00000
4096	16	int8_s4	16	NeuralEngine	16	1.00000
4096	16	int8_v2n6	128	NeuralEngine	16	1.00000
4096	16	int8_v2n4	32	NeuralEngine	16	1.00000
4096	16	int8_v4n6	256	NeuralEngine	16	1.00000
4096	16	int8_v4n4	64	NeuralEngine	16	1.00000
4096	16	int8_v8n4	128	NeuralEngine	16	1.00000
4096	16	int8_v16n4	256	NeuralEngine	16	1.00000
4096	16	fp16_s4	16	NeuralEngine	16	1.00000
4096	16	fp16_v2n4	32	NeuralEngine	16	1.00000
4096	16	fp16_v4n4	64	NeuralEngine	16	1.00000
4096	16	fp8_dense	0	NeuralEngine	16	1.00000
4096	16	fp8_s4	16	NeuralEngine	16	1.00000
4096	16	fp8_v2n4	32	NeuralEngine	16	1.00000
4096	16	fp8_v4n4	64	NeuralEngine	16	1.00000
4096	16	fp8_v8n4	128	NeuralEngine	16	1.00000
4096	8	int8_s3	8	NeuralEngine	8	1.00000
4096	8	int8_s2	4	NeuralEngine	8	1.00000
4096	8	int8_s1	2	NeuralEngine	8	1.00000
4096	16	int8_s3	8	NeuralEngine	16	1.00000
4096	16	int8_s2	4	NeuralEngine	16	1.00000
4096	16	int8_s1	2	NeuralEngine	16	1.00000
