target	channels	branches	case	lut_values	conv_device	conv_count	cosine
iOS26	2048	32	dense	0	NeuralEngine	32	1.00000
iOS26	2048	32	int8_dense	0	NeuralEngine	32	1.00000
iOS26	2048	32	int8_s4	16	NeuralEngine	32	1.00000
iOS26	2048	32	int8_v2n6	128	NeuralEngine	32	1.00000
iOS26	2048	32	int8_v2n4	32	NeuralEngine	32	1.00000
iOS26	2048	32	int8_v4n6	256	NeuralEngine	32	1.00000
iOS26	2048	32	int8_v4n4	64	NeuralEngine	32	1.00000
iOS26	2048	32	int8_v8n4	128	NeuralEngine	32	1.00000
iOS26	2048	32	int8_v16n4	256	NeuralEngine	32	1.00000
iOS26	2048	32	fp8_dense	0	NeuralEngine	32	1.00000
iOS26	2048	32	fp8_s4	16	NeuralEngine	32	1.00000
iOS26	2048	32	fp8_v2n4	32	NeuralEngine	32	1.00000
iOS26	2048	32	fp8_v8n4	128	NeuralEngine	32	1.00000
